#include <cstddef>
#include <cstdint>

namespace sf::forwarder {

alignas(4) extern const unsigned char kHblMain[] = {
    0x4e, 0x53, 0x4f, 0x30, 0x00, 0x00, 0x00, 0x00, 0x00, 0x00, 0x00, 0x00, 0x3f, 0x00, 0x00, 0x00,
    0x00, 0x01, 0x00, 0x00, 0x00, 0x00, 0x00, 0x00, 0x90, 0x54, 0x00, 0x00, 0x01, 0x00, 0x00, 0x00,
    0x5c, 0x42, 0x00, 0x00, 0x00, 0x60, 0x00, 0x00, 0xdc, 0x12, 0x00, 0x00, 0x01, 0x00, 0x00, 0x00,
    0xd1, 0x4d, 0x00, 0x00, 0x00, 0x80, 0x00, 0x00, 0x88, 0x13, 0x00, 0x00, 0xa8, 0x26, 0x00, 0x00,
    0xca, 0x4c, 0x62, 0x98, 0x17, 0x59, 0x01, 0x6d, 0x8d, 0xb4, 0xde, 0x0a, 0xca, 0x6d, 0xd8, 0x61,
    0x83, 0xe7, 0x11, 0xb7, 0x00, 0x00, 0x00, 0x00, 0x00, 0x00, 0x00, 0x00, 0x00, 0x00, 0x00, 0x00,
    0x5c, 0x41, 0x00, 0x00, 0x75, 0x0b, 0x00, 0x00, 0xcc, 0x01, 0x00, 0x00, 0x00, 0x00, 0x00, 0x00,
    0x00, 0x00, 0x00, 0x00, 0x00, 0x00, 0x00, 0x00, 0x00, 0x00, 0x00, 0x00, 0x00, 0x00, 0x00, 0x00,
    0x00, 0x00, 0x00, 0x00, 0x00, 0x00, 0x00, 0x00, 0x00, 0x00, 0x00, 0x00, 0x00, 0x00, 0x00, 0x00,
    0x00, 0x00, 0x00, 0x00, 0x00, 0x00, 0x00, 0x00, 0x00, 0x00, 0x00, 0x00, 0x00, 0x00, 0x00, 0x00,
    0x0a, 0xe6, 0x5a, 0x84, 0x08, 0xa2, 0x9c, 0xb2, 0x68, 0xec, 0xcc, 0x91, 0xe0, 0xe2, 0x26, 0xfa,
    0xbd, 0x17, 0xfc, 0x32, 0xc2, 0xff, 0x02, 0x32, 0x0a, 0x00, 0x69, 0xcd, 0x48, 0x1b, 0x15, 0x2a,
    0x0c, 0x62, 0x83, 0x48, 0x49, 0xa0, 0x98, 0x95, 0xb5, 0xef, 0xf8, 0x48, 0xc7, 0x81, 0x2c, 0x0a,
    0x71, 0xba, 0x98, 0x35, 0x2e, 0xcf, 0x6d, 0x1b, 0xb1, 0xa1, 0xfb, 0x87, 0x52, 0xb2, 0x16, 0x8d,
    0x5f, 0xbf, 0x63, 0xa0, 0x59, 0x51, 0x6c, 0xff, 0x39, 0x32, 0xb2, 0x15, 0xcc, 0xeb, 0x99, 0x34,
    0xab, 0x94, 0x81, 0x15, 0x04, 0x2e, 0xf3, 0x55, 0xa1, 0x8d, 0x04, 0x2e, 0xe0, 0x0a, 0xfa, 0x7f,
    0xff, 0x02, 0x20, 0x00, 0x00, 0x14, 0xf0, 0x00, 0x00, 0x00, 0x48, 0x4f, 0x4d, 0x45, 0x42, 0x52,
    0x45, 0x57, 0x00, 0x01, 0x00, 0x5c, 0xf2, 0x73, 0x1f, 0x00, 0x00, 0xf1, 0x24, 0x18, 0x41, 0xba,
    0x40, 0x00, 0x00, 0x54, 0x3b, 0x04, 0x00, 0x14, 0xf9, 0x03, 0x00, 0xaa, 0xfa, 0x03, 0x01, 0xaa,
    0xfb, 0x03, 0x1e, 0xaa, 0xfc, 0x03, 0x00, 0x91, 0x00, 0xfb, 0xff, 0x10, 0x61, 0x02, 0x00, 0x10,
    0x96, 0x10, 0x00, 0x94, 0x49, 0x00, 0x00, 0xf0, 0x3c, 0xe5, 0x03, 0xf9, 0xe0, 0x03, 0x19, 0xaa,
    0xe1, 0x03, 0x1a, 0xaa, 0xe2, 0x03, 0x1b, 0xaa, 0x10, 0x11, 0x00, 0x94, 0x40, 0x00, 0x00, 0xf0,
    0x00, 0xe0, 0x47, 0xb9, 0x41, 0x00, 0x00, 0xf0, 0x21, 0xec, 0x43, 0xf9, 0x5e, 0x00, 0x00, 0x90,
    0xde, 0xeb, 0x40, 0xf9, 0x15, 0x00, 0x00, 0x14, 0x48, 0x00, 0x00, 0xf0, 0x08, 0xe5, 0x43, 0xf9,
    0x1f, 0x01, 0x00, 0x91, 0x20, 0x00, 0x1f, 0xd6, 0x4d, 0x4f, 0x44, 0x30, 0x20, 0x7f, 0x00, 0x00,
    0xa0, 0x92, 0x00, 0x00, 0x40, 0xb9, 0x00, 0x00, 0x58, 0x61, 0x04, 0x00, 0x00, 0x02, 0x00, 0xa1,
    0x4c, 0x4e, 0x59, 0x30, 0x70, 0x80, 0x00, 0x00, 0x58, 0x81, 0x0c, 0x00, 0x71, 0x31, 0x10, 0x7f,
    0x00, 0x00, 0x10, 0x8f, 0x0c, 0x00, 0x20, 0x32, 0x01, 0x21, 0x00, 0xf4, 0x74, 0x00, 0x00, 0x00,
    0xfd, 0x7b, 0xb7, 0xa9, 0xfd, 0x03, 0x00, 0x91, 0x60, 0xd0, 0x3b, 0xd5, 0x41, 0x00, 0x00, 0xb0,
    0x21, 0x80, 0x0f, 0x91, 0xf3, 0x53, 0x01, 0xa9, 0x03, 0x00, 0x80, 0xd2, 0xc2, 0xff, 0x8f, 0x12,
    0xf5, 0x5b, 0x02, 0xa9, 0xf7, 0x1b, 0x00, 0xf9, 0x1b, 0x68, 0x48, 0xad, 0x1d, 0x70, 0x49, 0xad,
    0x1f, 0x78, 0x4a, 0xad, 0x3b, 0x68, 0x00, 0xad, 0x3d, 0x70, 0x01, 0xad, 0x3f, 0x78, 0x02, 0xad,
    0x1b, 0x68, 0x4b, 0xad, 0x1d, 0x70, 0x4c, 0xad, 0x1f, 0x78, 0x4d, 0xad, 0x3b, 0x68, 0x03, 0xad,
    0x3d, 0x70, 0x04, 0xad, 0x3f, 0x78, 0x05, 0xad, 0x1d, 0x70, 0x4e, 0xad, 0x1f, 0x78, 0x4f, 0xad,
    0xe0, 0x43, 0x01, 0x91, 0x3d, 0x70, 0x06, 0xad, 0x3f, 0x78, 0x07, 0xad, 0xc1, 0x00, 0x80, 0x52,
    0xff, 0xff, 0x04, 0xa9, 0xff, 0x2f, 0x00, 0xf9, 0x4a, 0x0e, 0x00, 0x94, 0xe1, 0x00, 0x80, 0x52,
    0x68, 0x00, 0xf0, 0x45, 0xe0, 0x63, 0x01, 0x91, 0x45, 0x0e, 0x00, 0x94, 0xf3, 0x03, 0x45, 0xa9,
    0x01, 0x00, 0x48, 0x91, 0x3f, 0x00, 0x13, 0xeb, 0xa2, 0x00, 0x00, 0x54, 0x73, 0x02, 0x48, 0xd1,
    0x73, 0x02, 0x00, 0xcb, 0x73, 0xaa, 0x6b, 0xf2, 0x61, 0x07, 0x00, 0x54, 0x13, 0x00, 0xa4, 0xd2,
    0xe0, 0xff, 0x9f, 0x92, 0x00, 0x40, 0xbf, 0xf2, 0x73, 0x02, 0x00, 0x8b, 0xe1, 0x03, 0x13, 0xaa,
    0xe0, 0x23, 0x01, 0x91, 0xff, 0x0d, 0x00, 0x94, 0x80, 0x0c, 0x00, 0x35, 0xe0, 0x27, 0x40, 0xf9,
    0x40, 0x0c, 0x00, 0xb4, 0x55, 0x00, 0x00, 0xb0, 0xc4, 0x00, 0xf0, 0x05, 0x02, 0x00, 0x80, 0x52,
    0xe1, 0x43, 0x01, 0x91, 0xa0, 0x82, 0x02, 0xf9, 0x40, 0x00, 0x00, 0xb0, 0x13, 0x7c, 0x02, 0xf9,
    0x30, 0x00, 0xf0, 0x15, 0x2f, 0x0e, 0x00, 0x94, 0x40, 0x0b, 0x00, 0x35, 0x01, 0x00, 0x00, 0x90,
    0x21, 0x40, 0x11, 0x91, 0xa3, 0x82, 0x42, 0xf9, 0x06, 0x00, 0x80, 0x52, 0x05, 0x04, 0x80, 0x52,
    0xe2, 0x4b, 0x40, 0xb9, 0x04, 0x00, 0x82, 0xd2, 0x94, 0x00, 0x80, 0x08, 0x05, 0x00, 0x94, 0x80,
    0x0a, 0x00, 0x35, 0x0c, 0x00, 0xf0, 0x09, 0x31, 0x06, 0x00, 0x94, 0xe0, 0x09, 0x00, 0x35, 0x42,
    0x00, 0x80, 0xd2, 0x01, 0x00, 0xf0, 0xd2, 0x22, 0x00, 0xd0, 0xf2, 0xe2, 0xff, 0xff, 0xf2, 0x3c,
    0x01, 0xc0, 0x01, 0x08, 0x00, 0xa9, 0xe0, 0x53, 0x40, 0xb9, 0x10, 0x0e, 0x00, 0x94, 0x08, 0x00,
    0x40, 0xfa, 0x0d, 0x00, 0x94, 0x34, 0x00, 0x10, 0x28, 0x34, 0x00, 0x74, 0x63, 0x01, 0x91, 0x32,
    0x06, 0x00, 0x94, 0x90, 0x00, 0x80, 0xff, 0x2f, 0x00, 0xf9, 0x01, 0xbd, 0x9f, 0x52, 0x20, 0x00,
    0x80, 0x08, 0x0e, 0x00, 0x94, 0x20, 0x01, 0x00, 0x35, 0x9c, 0x00, 0xf8, 0x0d, 0x61, 0x00, 0x80,
    0x52, 0x01, 0x08, 0x05, 0xb9, 0x87, 0x00, 0x00, 0x94, 0x00, 0xc0, 0xa0, 0xd2, 0x7f, 0x02, 0x00,
    0xeb, 0x09, 0xf9, 0xff, 0x54, 0xc4, 0xff, 0xff, 0x17, 0x3c, 0x00, 0x31, 0x81, 0x02, 0x80, 0x3c,
    0x00, 0xf3, 0x0a, 0xf9, 0x0d, 0x00, 0x94, 0x36, 0x00, 0x9e, 0x52, 0x13, 0x54, 0x00, 0x12, 0x7f,
    0x02, 0x16, 0x6b, 0xa0, 0x02, 0x00, 0x54, 0xa1, 0x82, 0x42, 0xf9, 0x02, 0xbc, 0x00, 0xd0, 0x01,
    0x0e, 0x00, 0x94, 0xa0, 0xfd, 0xff, 0x35, 0x04, 0x00, 0x80, 0xd2, 0x03, 0x14, 0x00, 0x41, 0x5b,
    0x40, 0xb9, 0x02, 0xbc, 0x00, 0x20, 0x80, 0x12, 0x30, 0x01, 0x00, 0x38, 0x00, 0x61, 0xe0, 0x5b,
    0x40, 0xb9, 0xcf, 0x0d, 0x74, 0x02, 0x10, 0xb0, 0x44, 0x00, 0x53, 0x00, 0x02, 0x00, 0x54, 0x21,
    0x88, 0x00, 0x2a, 0x65, 0x00, 0xb4, 0x00, 0x13, 0x61, 0x78, 0x00, 0xf0, 0x01, 0xdb, 0x0d, 0x00,
    0x94, 0x00, 0x54, 0x00, 0x12, 0x1f, 0x00, 0x13, 0x6b, 0x41, 0xfa, 0xff, 0x54, 0xbc, 0x00, 0x84,
    0x1f, 0x08, 0x05, 0xb9, 0x59, 0x00, 0x00, 0x94, 0xc4, 0x00, 0xf0, 0x02, 0x56, 0x00, 0x00, 0x94,
    0x60, 0x6b, 0x82, 0x52, 0xdc, 0x0c, 0x00, 0x94, 0x60, 0x2b, 0x83, 0x52, 0xda, 0x08, 0x00, 0x40,
    0x6b, 0x83, 0x52, 0xd8, 0x08, 0x00, 0x71, 0xab, 0x82, 0x52, 0xd6, 0x0c, 0x00, 0x94, 0x81, 0x02,
    0x0b, 0x02, 0x00, 0x00, 0x84, 0x02, 0xf0, 0x11, 0x20, 0x40, 0x4e, 0x39, 0x20, 0x02, 0x00, 0x37,
    0x40, 0x00, 0x00, 0x90, 0x00, 0xd8, 0x40, 0xf9, 0x60, 0x01, 0x00, 0xb4, 0xfd, 0x7b, 0xbf, 0xa9,
    0x20, 0x00, 0x00, 0xd0, 0x00, 0x20, 0x09, 0x91, 0xb0, 0x02, 0x31, 0x1f, 0x20, 0x03, 0xb0, 0x02,
    0xf0, 0x01, 0x20, 0x00, 0x80, 0x52, 0xfd, 0x7b, 0xc1, 0xa8, 0x20, 0x40, 0x0e, 0x39, 0xc0, 0x03,
    0x5f, 0xd6, 0x10, 0x00, 0x04, 0x0c, 0x00, 0x00, 0x10, 0x00, 0x0b, 0x5f, 0x00, 0x11, 0x00, 0x54,
    0x00, 0x71, 0x14, 0x41, 0xf9, 0xc0, 0x00, 0x00, 0xb4, 0x6c, 0x00, 0x70, 0x00, 0x00, 0xd0, 0x21,
    0x60, 0x0e, 0x91, 0x58, 0x00, 0x00, 0x54, 0x00, 0x0c, 0x34, 0x00, 0x31, 0xfd, 0x7b, 0xbd, 0x20,
    0x03, 0x90, 0x04, 0x00, 0x80, 0x92, 0x03, 0x00, 0x80, 0x52, 0x22, 0x50, 0x02, 0xf1, 0x7f, 0xa3,
    0x00, 0x91, 0xf3, 0x0b, 0x00, 0xf9, 0xe0, 0x7f, 0x05, 0x29, 0xe0, 0xb3, 0x00, 0x91, 0x73, 0xd0,
    0x3b, 0xd5, 0x7f, 0x02, 0x00, 0xf9, 0xa0, 0x0d, 0x00, 0x94, 0xc0, 0x02, 0x00, 0x35, 0x60, 0x06,
    0x40, 0xb9, 0x60, 0x00, 0xf8, 0x37, 0x60, 0x6b, 0x84, 0x52, 0x9c, 0x0c, 0x00, 0x94, 0x61, 0x0a,
    0x40, 0xb9, 0x62, 0x32, 0x00, 0x91, 0x73, 0x52, 0x00, 0x91, 0x20, 0x10, 0x41, 0xd3, 0x3f, 0x00,
    0x40, 0xf2, 0x73, 0x12, 0x82, 0x9a, 0x00, 0xff, 0xff, 0x34, 0x1f, 0x04, 0x00, 0x71, 0xc1, 0xfe,
    0xff, 0x54, 0x61, 0x02, 0x40, 0xb9, 0x40, 0x00, 0x00, 0xb0, 0x01, 0xf0, 0x04, 0xb9, 0xe0, 0x2b,
    0x40, 0xb9, 0x6a, 0x0d, 0x00, 0x94, 0xf3, 0x0b, 0x40, 0xf9, 0xfd, 0x7b, 0xc3, 0xa8, 0xc0, 0x03,
    0x5f, 0xd6, 0x60, 0xeb, 0x83, 0x52, 0x89, 0x0c, 0x00, 0x94, 0x0c, 0x1a, 0x83, 0xd2, 0x40, 0x00,
    0x00, 0xb0, 0x00, 0x80, 0x0f, 0x91, 0xff, 0x63, 0x2c, 0xcb, 0xfd, 0x7b, 0x00, 0xa0, 0x00, 0x00,
    0xb4, 0x03, 0x40, 0x54, 0x00, 0x00, 0xd0, 0x8c, 0x00, 0x00, 0xb4, 0x03, 0xf0, 0x29, 0x1b, 0x68,
    0x40, 0xad, 0x1d, 0x70, 0x41, 0xad, 0x1f, 0x78, 0x42, 0xad, 0x7b, 0x6a, 0x08, 0xad, 0x7d, 0x72,
    0x09, 0xad, 0x7f, 0x7a, 0x0a, 0xad, 0x1d, 0x70, 0x44, 0xad, 0x1f, 0x78, 0x45, 0xad, 0x1b, 0x68,
    0x43, 0xad, 0x7d, 0x72, 0x0c, 0xad, 0x7f, 0x7a, 0x0d, 0xad, 0x7b, 0x6a, 0x0b, 0xad, 0x1f, 0x78,
    0x47, 0xad, 0x1d, 0x70, 0x46, 0xad, 0x64, 0x01, 0xf0, 0x11, 0x7f, 0x7a, 0x0f, 0xad, 0x1f, 0x40,
    0xc0, 0x3d, 0x7d, 0x72, 0x0e, 0xad, 0x9e, 0xee, 0xc0, 0x3d, 0xde, 0x1f, 0x3f, 0x6e, 0xde, 0xa7,
    0xbe, 0x6e, 0xc0, 0x03, 0x66, 0x9e, 0x20, 0x01, 0x00, 0xb5, 0x24, 0x00, 0xf0, 0x15, 0x96, 0xc2,
    0x0e, 0x91, 0xdc, 0x06, 0xc0, 0x3d, 0x1d, 0x44, 0xc0, 0x3d, 0x9c, 0x1f, 0x3d, 0x6e, 0x9c, 0xa7,
    0xbc, 0x6e, 0x80, 0x03, 0x66, 0x9e, 0x00, 0x06, 0x00, 0xb4, 0xf7, 0x63, 0x03, 0xa9, 0xf9, 0x23,
    0x00, 0xf9, 0x84, 0x03, 0xf0, 0x31, 0xa2, 0xc2, 0x42, 0xf9, 0x22, 0x03, 0x00, 0xb4, 0x53, 0x00,
    0x00, 0xb0, 0x73, 0x42, 0x14, 0x91, 0x60, 0x86, 0x44, 0x29, 0x56, 0x00, 0x00, 0xb0, 0xf8, 0x03,
    0x01, 0x2a, 0xf7, 0x03, 0x00, 0x2a, 0xc1, 0xea, 0x41, 0xf9, 0xa0, 0x00, 0x80, 0x52, 0x00, 0x00,
    0xb0, 0x72, 0x43, 0x0d, 0x00, 0x94, 0xa0, 0x01, 0x00, 0x35, 0x44, 0x00, 0x00, 0xb0, 0x60, 0x0e,
    0x42, 0x29, 0x82, 0x80, 0x42, 0xf9, 0x20, 0x00, 0x80, 0x42, 0x00, 0x00, 0x8b, 0x01, 0x00, 0x01,
    0x8b, 0x68, 0x02, 0x80, 0x00, 0xf0, 0x44, 0xb9, 0x56, 0x0d, 0x00, 0x94, 0x24, 0x00, 0xf0, 0x19,
    0x40, 0x1d, 0x00, 0x34, 0x60, 0x2b, 0x86, 0x52, 0x43, 0x0c, 0x00, 0x94, 0xf3, 0xc3, 0x01, 0x91,
    0xe0, 0x03, 0x13, 0xaa, 0x08, 0x09, 0x00, 0x94, 0x80, 0xff, 0xff, 0x35, 0x03, 0x0a, 0x80, 0xd2,
    0xe2, 0x03, 0x02, 0x91, 0x01, 0x00, 0x80, 0xd2, 0x18, 0x00, 0xf4, 0x31, 0x9a, 0x09, 0x00, 0x94,
    0xc0, 0xfe, 0xff, 0x35, 0xe3, 0x53, 0x40, 0xf9, 0x7f, 0x00, 0x20, 0xf1, 0x88, 0x00, 0x00, 0x54,
    0xe0, 0x63, 0x40, 0xf9, 0x1f, 0x04, 0x40, 0xf1, 0x29, 0x22, 0x00, 0x54, 0x60, 0xab, 0x80, 0x52,
    0x31, 0x0c, 0x00, 0x94, 0xc1, 0x22, 0x40, 0xb9, 0x20, 0x8d, 0x8e, 0x52, 0x00, 0x44, 0xa7, 0x72,
    0x3f, 0x00, 0x00, 0x6b, 0xa1, 0xf9, 0xff, 0x54, 0xc0, 0x4a, 0x40, 0x79, 0xd4, 0x00, 0x61, 0x1f,
    0xa4, 0x00, 0x71, 0x41, 0xf9, 0xf4, 0x02, 0x50, 0xd0, 0x15, 0x80, 0x02, 0x91, 0x44, 0x02, 0xf3,
    0x2a, 0x21, 0x40, 0x16, 0x91, 0xe0, 0x03, 0x15, 0xaa, 0xe1, 0x2f, 0x00, 0xf9, 0x10, 0x13, 0x00,
    0x94, 0xe1, 0x2f, 0x40, 0xf9, 0x80, 0x1c, 0x00, 0x35, 0x21, 0x0b, 0x00, 0x94, 0xf4, 0x03, 0x00,
    0x2a, 0xc0, 0x17, 0x00, 0x35, 0x21, 0x0c, 0x8e, 0xd2, 0x01, 0x8e, 0xad, 0xf2, 0xa1, 0x8c, 0xce,
    0xf2, 0xe1, 0xa9, 0xe8, 0xf2, 0xe0, 0x43, 0x23, 0x91, 0xcd, 0x20, 0x00, 0x71, 0x00, 0x31, 0x00,
    0x35, 0xf6, 0xdb, 0x48, 0x00, 0x02, 0xf2, 0x4f, 0x02, 0x02, 0x80, 0x52, 0x01, 0xf0, 0x44, 0xb9,
    0x00, 0x04, 0x80, 0x52, 0xf5, 0xd3, 0x48, 0xb9, 0xdf, 0x02, 0x00, 0x71, 0x00, 0x10, 0x82, 0x1a,
    0x82, 0x00, 0x80, 0xd2, 0x00, 0x6c, 0x00, 0x11, 0x02, 0x00, 0xf0, 0xf2, 0x7f, 0x0a, 0x00, 0xb9,
    0x00, 0x18, 0x42, 0xd3, 0x40, 0x80, 0x00, 0xaa, 0x60, 0x02, 0x00, 0xf9, 0x60, 0x00, 0x80, 0x52,
    0x60, 0x22, 0x00, 0x39, 0xc1, 0x19, 0x00, 0x54, 0x60, 0x82, 0x00, 0x91, 0x62, 0xca, 0x88, 0xd2,
    0x62, 0x28, 0xa9, 0xf2, 0x02, 0x7c, 0x00, 0xa9, 0x61, 0x16, 0x00, 0xb9, 0x1f, 0x08, 0x00, 0xf9,
    0xe0, 0x03, 0x15, 0x2a, 0xe9, 0x0c, 0x90, 0x00, 0xf0, 0x1c, 0xa0, 0x11, 0x00, 0x35, 0x61, 0xd0,
    0x3b, 0xd5, 0x20, 0x00, 0x40, 0xf9, 0x03, 0x4c, 0x10, 0x53, 0x00, 0xfc, 0x60, 0xd3, 0x20, 0x2f,
    0xf8, 0x37, 0x22, 0x20, 0x00, 0x91, 0x00, 0x00, 0x80, 0x52, 0x63, 0x0c, 0x7d, 0xd3, 0x42, 0x48,
    0x34, 0x8b, 0x60, 0x48, 0x20, 0x74, 0x01, 0xf0, 0x32, 0x8b, 0x00, 0x00, 0x01, 0xcb, 0x00, 0x3c,
    0x00, 0x91, 0x00, 0xec, 0x7c, 0x92, 0x21, 0x00, 0x00, 0x8b, 0xd6, 0x2b, 0x00, 0x34, 0x24, 0x80,
    0x00, 0x91, 0x21, 0x40, 0x00, 0x91, 0x23, 0x00, 0x40, 0xb9, 0x60, 0xca, 0x88, 0x52, 0x60, 0xe8,
    0xa9, 0x72, 0x7f, 0x00, 0x00, 0x6b, 0xe1, 0x2d, 0x00, 0x54, 0x34, 0x08, 0x40, 0xb9, 0x94, 0x0e,
    0x00, 0x35, 0x16, 0x30, 0x00, 0x35, 0x55, 0x00, 0x40, 0xb9, 0x6c, 0x00, 0x50, 0x55, 0x00, 0x00,
    0x34, 0x34, 0xe8, 0x01, 0x70, 0x02, 0x80, 0x52, 0x00, 0x4c, 0x00, 0x11, 0xc0, 0x00, 0xf0, 0x01,
    0x00, 0x7c, 0x60, 0xd3, 0x00, 0x00, 0x7e, 0xb2, 0x20, 0x00, 0x00, 0xf9, 0xf6, 0x2d, 0x00, 0x35,
    0x50, 0x00, 0xd0, 0x22, 0x00, 0x80, 0xd2, 0x60, 0xca, 0x88, 0xd2, 0x60, 0x28, 0xa9, 0xf2, 0x20,
    0x54, 0x05, 0x40, 0x03, 0x15, 0x2a, 0xbb, 0xe0, 0x01, 0x00, 0x48, 0x01, 0x1e, 0x0a, 0xb8, 0x00,
    0x2c, 0xc0, 0x2e, 0xb8, 0x00, 0x1f, 0x33, 0xb8, 0x00, 0x06, 0x2f, 0x36, 0x2d, 0xb8, 0x00, 0x07,
    0xa2, 0x81, 0x2d, 0x00, 0x54, 0x33, 0x08, 0x40, 0xb9, 0xb3, 0x07, 0xb8, 0x00, 0x40, 0x44, 0x00,
    0x40, 0xb9, 0xf0, 0x03, 0x00, 0xbc, 0x00, 0x5f, 0x44, 0x00, 0x00, 0x34, 0x33, 0xbc, 0x00, 0x08,
    0x13, 0xc3, 0xbc, 0x00, 0x04, 0xb8, 0x00, 0xf6, 0x13, 0xe3, 0x63, 0x00, 0xb9, 0x20, 0x7c, 0x00,
    0xa9, 0xe0, 0x03, 0x04, 0x2a, 0xe4, 0x5b, 0x00, 0xb9, 0x8b, 0x0c, 0x00, 0x94, 0xe4, 0x5b, 0x40,
    0xb9, 0xe2, 0x03, 0x00, 0x2a, 0xe3, 0x63, 0x40, 0xb9, 0x00, 0x03, 0xc8, 0x00, 0x14, 0x06, 0x80,
    0x01, 0xfd, 0x0b, 0x2d, 0xf8, 0x37, 0x20, 0x20, 0x00, 0x91, 0x05, 0x00, 0x80, 0x52, 0xa2, 0x00,
    0x02, 0x0b, 0x42, 0xf4, 0x7e, 0xd3, 0x42, 0x4c, 0x26, 0x8b, 0x00, 0x00, 0x02, 0x80, 0x01, 0x42,
    0x43, 0x00, 0x00, 0x34, 0x2c, 0x01, 0x06, 0x7c, 0x01, 0xf0, 0x05, 0x5f, 0x00, 0x00, 0x6b, 0x01,
    0x2c, 0x00, 0x54, 0x22, 0x08, 0x40, 0xb9, 0x73, 0x27, 0x00, 0x34, 0x41, 0x00, 0x80, 0xd2, 0x7c,
    0x00, 0x01, 0x9c, 0x06, 0x10, 0x00, 0x00, 0x02, 0xa0, 0x04, 0x2a, 0xe2, 0x63, 0x00, 0xb9, 0x68,
    0x0c, 0x00, 0x94, 0xf4, 0x05, 0xe2, 0x52, 0x0c, 0x00, 0x94, 0xe2, 0x63, 0x40, 0xb9, 0xf3, 0x03,
    0x02, 0x2a, 0x94, 0x20, 0x30, 0x00, 0x06, 0x2c, 0x00, 0x30, 0x15, 0x2a, 0x5e, 0x28, 0x00, 0x41,
    0x03, 0x15, 0x2a, 0x48, 0x34, 0x02, 0x8b, 0x13, 0x2a, 0xe0, 0xd7, 0x48, 0xb9, 0x80, 0x07, 0x28,
    0x00, 0x40, 0xd3, 0x48, 0xb9, 0x54, 0x28, 0x00, 0xff, 0x13, 0xd7, 0x48, 0xb9, 0x60, 0x1b, 0x00,
    0x35, 0xe0, 0x03, 0x21, 0x91, 0x1f, 0x7c, 0x09, 0xa9, 0xcf, 0x0a, 0x00, 0x94, 0xb4, 0x03, 0x00,
    0x34, 0xe0, 0x03, 0x14, 0x2a, 0x5c, 0x0b, 0x00, 0x94, 0x60, 0x0e, 0x43, 0xcc, 0x03, 0x06, 0x22,
    0x63, 0x0c, 0xcc, 0x03, 0xf0, 0x01, 0xe0, 0x01, 0x00, 0x35, 0x60, 0x22, 0x40, 0xb9, 0xe3, 0x02,
    0x18, 0x0b, 0x63, 0xfc, 0x3f, 0x91, 0xfc, 0x03, 0x4f, 0x63, 0x50, 0x74, 0x92, 0x00, 0x04, 0x02,
    0xc0, 0x0c, 0x00, 0x94, 0x40, 0x18, 0x00, 0x34, 0x60, 0xab, 0x86, 0x52, 0x44, 0x60, 0x00, 0xf0,
    0x01, 0x6b, 0x86, 0x52, 0x42, 0x0b, 0x00, 0x94, 0xe0, 0x29, 0xb2, 0xd2, 0x80, 0xd2, 0xc9, 0xf2,
    0x19, 0x94, 0x00, 0x03, 0x0c, 0x00, 0xf1, 0x01, 0x16, 0x0c, 0x00, 0x94, 0xfa, 0xff, 0xff, 0x17,
    0xe0, 0x03, 0x15, 0xaa, 0xb9, 0x10, 0x00, 0x94, 0xb0, 0x03, 0xf0, 0x00, 0x80, 0x22, 0x91, 0xe0,
    0x03, 0x16, 0xaa, 0xb5, 0x10, 0x00, 0x94, 0xd7, 0xfe, 0xff, 0x17, 0x34, 0x06, 0xf0, 0x0d, 0x00,
    0x03, 0xa0, 0x72, 0x7f, 0x16, 0x00, 0xf9, 0x60, 0x5a, 0x04, 0x29, 0x60, 0xc2, 0x00, 0x91, 0x2f,
    0xff, 0xff, 0x17, 0xe1, 0xdb, 0x48, 0xb9, 0x61, 0xf9, 0xff, 0x34, 0x7c, 0x03, 0x31, 0x02, 0x01,
    0xc0, 0xe8, 0x07, 0xf0, 0x06, 0x02, 0x00, 0x00, 0xf9, 0x42, 0x00, 0x80, 0x52, 0x1f, 0x7c, 0x01,
    0xa9, 0x02, 0x40, 0x00, 0x39, 0x01, 0x14, 0x00, 0xb9, 0xbe, 0x2c, 0x00, 0x61, 0x4f, 0x40, 0xf9,
    0xe2, 0x43, 0x03, 0x84, 0x04, 0xf1, 0x00, 0x7f, 0x08, 0x00, 0x94, 0x60, 0xdb, 0xff, 0x35, 0xe1,
    0x8f, 0x4b, 0xa9, 0xe2, 0x43, 0x23, 0x14, 0x00, 0xf0, 0x19, 0xf7, 0x43, 0x23, 0x91, 0x79, 0x08,
    0x00, 0x94, 0xa0, 0xda, 0xff, 0x35, 0xe0, 0xdf, 0x40, 0xb9, 0x82, 0xc2, 0x0e, 0x91, 0xf9, 0x03,
    0x02, 0xaa, 0xe1, 0x67, 0x40, 0xf9, 0xe0, 0x02, 0x00, 0x8b, 0x16, 0x04, 0x40, 0xb9, 0x00, 0x8c,
    0x40, 0xa9, 0x60, 0x03, 0x00, 0xb0, 0x04, 0xf0, 0x01, 0x6e, 0x08, 0x00, 0x94, 0x40, 0xd9, 0xff,
    0x35, 0x41, 0x00, 0x00, 0xd0, 0xe0, 0x42, 0x36, 0x8b, 0x1c, 0x00, 0x93, 0x22, 0x80, 0x02, 0x91,
    0xf8, 0x03, 0x01, 0xaa, 0xf6, 0x38, 0x00, 0x04, 0x2c, 0x00, 0x80, 0x63, 0x08, 0x00, 0x94, 0xe0,
    0xd7, 0xff, 0x35, 0x38, 0x00, 0x81, 0xdc, 0x08, 0x00, 0x94, 0xe1, 0x03, 0x16, 0xaa, 0x2c, 0x05,
    0x52, 0x40, 0x16, 0x91, 0x7c, 0x10, 0xdc, 0x07, 0xf1, 0x12, 0x00, 0x80, 0x22, 0x91, 0xe1, 0x03,
    0x19, 0xaa, 0x78, 0x10, 0x00, 0x94, 0x01, 0x83, 0x02, 0x91, 0xe0, 0x03, 0x17, 0xaa, 0x75, 0x10,
    0x00, 0x94, 0x21, 0x00, 0x00, 0xd0, 0x21, 0x20, 0x03, 0x91, 0xc2, 0x28, 0x05, 0x12, 0x17, 0x80,
    0x0a, 0xf0, 0x06, 0x13, 0x00, 0x34, 0x40, 0x00, 0x00, 0xd0, 0x02, 0x00, 0x81, 0xd2, 0x81, 0xc2,
    0x0e, 0x91, 0x00, 0xc0, 0x2e, 0x91, 0x0a, 0x0f, 0x58, 0x00, 0x20, 0x00, 0xaa, 0x14, 0x00, 0xb1,
    0xe0, 0x0b, 0x01, 0x32, 0xd8, 0x0b, 0x00, 0x94, 0x40, 0xd4, 0xff, 0xb8, 0x08, 0x80, 0xf6, 0x03,
    0x02, 0x91, 0x13, 0x80, 0x42, 0xf9, 0x54, 0x01, 0xc1, 0xa4, 0x07, 0x00, 0x94, 0x80, 0xd3, 0xff,
    0x35, 0xe3, 0x43, 0x03, 0x91, 0x2c, 0x07, 0x30, 0x03, 0x17, 0xaa, 0x18, 0x00, 0x62, 0xa6, 0x07,
    0x00, 0x94, 0xc0, 0xd2, 0x30, 0x00, 0xf1, 0x01, 0xe5, 0xc3, 0x01, 0x91, 0x03, 0x7c, 0x42, 0xf9,
    0x04, 0x00, 0x80, 0x52, 0xe2, 0x03, 0x13, 0xaa, 0xa4, 0x05, 0xf0, 0x16, 0x43, 0x03, 0x91, 0xa5,
    0x07, 0x00, 0x94, 0xa0, 0xd1, 0xff, 0x35, 0x62, 0x12, 0x40, 0xb9, 0xc1, 0x49, 0x8a, 0x52, 0xe1,
    0x09, 0xa6, 0x72, 0x5f, 0x00, 0x01, 0x6b, 0x01, 0xd1, 0xff, 0x54, 0x61, 0x1a, 0x40, 0xb9, 0xe2,
    0x3b, 0xf4, 0x00, 0xf0, 0x00, 0x02, 0x91, 0x3f, 0x00, 0x02, 0xeb, 0x68, 0xd0, 0xff, 0x54, 0xe0,
    0x43, 0x03, 0x91, 0x20, 0xfc, 0x00, 0xb0, 0x03, 0x16, 0xaa, 0x92, 0x07, 0x00, 0x94, 0x62, 0x1a,
    0x40, 0xb9, 0x00, 0x05, 0xf0, 0x0b, 0x64, 0xe2, 0x00, 0x91, 0x01, 0x00, 0x40, 0xb9, 0x3f, 0x00,
    0x02, 0x6b, 0x02, 0x14, 0x00, 0x54, 0x03, 0x04, 0x40, 0xb9, 0x5f, 0x00, 0x03, 0x6b, 0xa3, 0x13,
    0xdc, 0x08, 0x20, 0x03, 0x0b, 0x54, 0x00, 0xf0, 0x05, 0x43, 0x13, 0x00, 0x54, 0x00, 0x20, 0x00,
    0x91, 0x1f, 0x00, 0x04, 0xeb, 0xa1, 0xfe, 0xff, 0x54, 0x7a, 0xe6, 0x40, 0xad, 0x54, 0x06, 0xf0,
    0x25, 0x84, 0x40, 0x14, 0x91, 0x7c, 0xee, 0x41, 0xad, 0x7e, 0xf6, 0x42, 0xad, 0x7f, 0x1e, 0xc0,
    0x3d, 0x76, 0x82, 0x46, 0x29, 0x9a, 0x64, 0x00, 0xad, 0x9c, 0x6c, 0x01, 0xad, 0x9e, 0x74, 0x02,
    0xad, 0xf9, 0x03, 0x00, 0x2a, 0xe4, 0x2f, 0x00, 0xf9, 0x9f, 0x18, 0x80, 0x3d, 0xb5, 0x04, 0x00,
    0x94, 0xe4, 0x2f, 0x40, 0xf9, 0xc0, 0x00, 0xb0, 0x80, 0x28, 0x40, 0xb9, 0x83, 0x08, 0x40, 0xb9,
    0x63, 0x00, 0x00, 0xc0, 0x02, 0xf2, 0x00, 0x11, 0x63, 0x4c, 0x74, 0x92, 0xe0, 0x03, 0x03, 0xaa,
    0xe3, 0x93, 0x05, 0xa9, 0xc7, 0x04, 0x78, 0x02, 0xc0, 0xe3, 0x2f, 0x40, 0xf9, 0xf7, 0x03, 0x00,
    0xaa, 0x22, 0x80, 0x42, 0xf9, 0x4c, 0x01, 0x01, 0xa4, 0x01, 0x40, 0xf0, 0x44, 0xb9, 0xa0, 0xbc,
    0x02, 0x52, 0x5b, 0x00, 0xb9, 0xa5, 0x04, 0x9c, 0x03, 0x60, 0xe4, 0x33, 0x40, 0xf9, 0x80, 0x0e,
    0xe0, 0x02, 0xf0, 0x14, 0x84, 0x52, 0x8c, 0x0a, 0x00, 0x94, 0xfb, 0x09, 0x00, 0x94, 0x2d, 0xff,
    0xff, 0x17, 0x04, 0x00, 0x80, 0xd2, 0xa4, 0xfe, 0xff, 0x17, 0xe0, 0xd3, 0x48, 0xb9, 0x62, 0x0b,
    0x00, 0x94, 0x24, 0xff, 0xff, 0x17, 0xc0, 0x98, 0x04, 0x30, 0x00, 0xb0, 0x72, 0x68, 0x07, 0x00,
    0x2c, 0x03, 0xc0, 0x72, 0x0b, 0x00, 0x94, 0x80, 0xc7, 0xff, 0x35, 0x58, 0x00, 0x00, 0xd0, 0x74,
    0x02, 0xf0, 0x2a, 0xbf, 0xc2, 0x02, 0xf9, 0xdf, 0xea, 0x01, 0xf9, 0x83, 0xff, 0xff, 0x17, 0x25,
    0x08, 0x40, 0xb9, 0x24, 0x30, 0x00, 0x91, 0x22, 0x50, 0x00, 0x91, 0xbf, 0x00, 0x40, 0xf2, 0xb4,
    0x10, 0x41, 0xd3, 0xa0, 0x20, 0x45, 0xd3, 0x42, 0x10, 0x84, 0x9a, 0x83, 0xfe, 0xff, 0x17, 0x34,
    0xeb, 0x8b, 0x52, 0x06, 0xff, 0xff, 0x17, 0x96, 0xe0, 0xff, 0x34, 0x81, 0x28, 0x0a, 0x03, 0xf4,
    0x02, 0x53, 0x01, 0x00, 0x00, 0xf9, 0x41, 0xf4, 0x02, 0x80, 0x01, 0x40, 0x00, 0x39, 0x16, 0x14,
    0x00, 0xb9, 0x24, 0x04, 0x54, 0x55, 0x0b, 0x00, 0x94, 0xf9, 0x40, 0x03, 0xf3, 0x05, 0x02, 0xa0,
    0x72, 0x3f, 0x0c, 0x00, 0xf9, 0x21, 0x80, 0x00, 0x91, 0x20, 0x58, 0x3e, 0x29, 0x8e, 0xfe, 0xff,
    0x17, 0x96, 0xfc, 0x05, 0x50, 0x96, 0x00, 0x00, 0x35, 0x15, 0xa8, 0x00, 0xf0, 0x06, 0x02, 0x80,
    0x52, 0x81, 0xfe, 0xff, 0x17, 0x00, 0x04, 0x80, 0x52, 0x7f, 0xfe, 0xff, 0x17, 0x82, 0x5f, 0x80,
    0xd2, 0xe1, 0x57, 0x20, 0x03, 0x73, 0x17, 0xaa, 0x72, 0x0e, 0x00, 0x94, 0x63, 0xe4, 0x00, 0x2e,
    0x99, 0xfe, 0xac, 0x00, 0x17, 0xb3, 0xac, 0x00, 0xe2, 0x86, 0xfe, 0xff, 0x17, 0x33, 0xeb, 0x8b,
    0x52, 0xd2, 0xfe, 0xff, 0x17, 0x03, 0xda, 0xac, 0x00, 0x4f, 0xe2, 0x5b, 0x00, 0xb9, 0xb0, 0x00,
    0x05, 0x11, 0x03, 0xb0, 0x00, 0x82, 0x04, 0x2a, 0x29, 0x0b, 0x00, 0x94, 0xe2, 0x5b, 0xf4, 0x04,
    0x1f, 0xc3, 0xb8, 0x00, 0x01, 0x83, 0x0c, 0x3e, 0x29, 0x8f, 0xfe, 0xff, 0x17, 0x83, 0xb8, 0x00,
    0x30, 0xc3, 0x01, 0x00, 0x3c, 0x0b, 0x01, 0xb8, 0x00, 0xf0, 0x21, 0x82, 0xfe, 0xff, 0x17, 0x28,
    0x08, 0x40, 0xb9, 0x27, 0x30, 0x00, 0x91, 0x20, 0x50, 0x00, 0x91, 0x1f, 0x01, 0x40, 0xf2, 0x02,
    0x11, 0x41, 0xd3, 0x05, 0x21, 0x45, 0xd3, 0x00, 0x10, 0x87, 0x9a, 0x93, 0xfe, 0xff, 0x17, 0x22,
    0xeb, 0x8b, 0x52, 0xa1, 0xfe, 0xff, 0x17, 0xe4, 0x03, 0x15, 0x2a, 0xe4, 0x00, 0xf0, 0x01, 0x75,
    0xfe, 0xff, 0x17, 0x60, 0xab, 0x81, 0x52, 0x1b, 0x0a, 0x00, 0x94, 0x81, 0x08, 0x42, 0x29, 0xf0,
    0x01, 0x40, 0xa3, 0x00, 0x80, 0x52, 0x40, 0x02, 0x00, 0xc8, 0x08, 0x62, 0xe1, 0x02, 0x01, 0x8b,
    0x1f, 0x0b, 0x44, 0x02, 0x22, 0xe0, 0xb9, 0x1c, 0x03, 0x88, 0x23, 0x00, 0x80, 0x52, 0x81, 0x08,
    0x43, 0x29, 0x24, 0x00, 0x13, 0x16, 0x24, 0x00, 0x80, 0xc0, 0xb8, 0xff, 0x35, 0xd3, 0x02, 0x19,
    0x0b, 0x48, 0x00, 0x00, 0x20, 0x00, 0xf0, 0x01, 0x81, 0x20, 0x40, 0xb9, 0x73, 0xfe, 0x3f, 0x91,
    0x63, 0x00, 0x80, 0x52, 0x73, 0xce, 0x74, 0x92, 0x54, 0x00, 0x00, 0x50, 0x03, 0x00, 0x58, 0x00,
    0x13, 0x09, 0x34, 0x00, 0x22, 0x20, 0xb7, 0x58, 0x00, 0x31, 0x01, 0x80, 0x42, 0x00, 0x0d, 0x40,
    0x82, 0x20, 0x40, 0xb9, 0x7c, 0x03, 0x00, 0x44, 0x00, 0x80, 0x04, 0x08, 0x45, 0xb9, 0x42, 0x00,
    0x13, 0x8b, 0x9c, 0x09, 0xf1, 0x16, 0x21, 0x00, 0x02, 0x8b, 0x63, 0x00, 0x02, 0xcb, 0xa4, 0x00,
    0x00, 0x37, 0x65, 0x02, 0x00, 0x91, 0xa0, 0x5c, 0x40, 0xf9, 0x00, 0xf8, 0x74, 0x92, 0xa0, 0x5c,
    0x00, 0xf9, 0xa4, 0x00, 0x08, 0x37, 0x64, 0x02, 0x00, 0x91, 0x80, 0x14, 0x00, 0xf1, 0x1a, 0x73,
    0x92, 0x80, 0x5c, 0x00, 0xf9, 0xe2, 0x87, 0x05, 0xa9, 0x73, 0x02, 0x00, 0x91, 0x94, 0xc2, 0x0e,
    0x91, 0x16, 0x83, 0x02, 0x91, 0xe3, 0x37, 0x00, 0xf9, 0x6d, 0x0a, 0x00, 0x94, 0xe0, 0x03, 0x00,
    0x2a, 0xe1, 0x0f, 0x46, 0xa9, 0x60, 0x06, 0x00, 0x70, 0x00, 0x00, 0x94, 0x00, 0x80, 0x61, 0x0e,
    0x05, 0xa9, 0x76, 0x52, 0x08, 0xa9, 0xf8, 0x09, 0x21, 0x60, 0x12, 0x18, 0x00, 0x10, 0xd0, 0x54,
    0x04, 0x21, 0x60, 0x3a, 0x0c, 0x00, 0xf0, 0x03, 0xb0, 0x00, 0xcc, 0x43, 0xb9, 0x60, 0x4e, 0x00,
    0xf9, 0x79, 0x01, 0x00, 0x94, 0x60, 0x72, 0x00, 0xf9, 0x77, 0x08, 0x00, 0x43, 0x76, 0x00, 0xf9,
    0x79, 0x50, 0x00, 0xf0, 0x22, 0x60, 0x8a, 0x00, 0xf9, 0x82, 0x0a, 0x00, 0x94, 0xe2, 0x2f, 0x40,
    0xf9, 0x1f, 0x00, 0x40, 0xf2, 0x40, 0x0a, 0x89, 0xd2, 0x00, 0x6a, 0xaa, 0xf2, 0xe1, 0x03, 0x17,
    0xaa, 0xd7, 0xea, 0x01, 0xf9, 0xe0, 0xa9, 0xc9, 0xf2, 0x80, 0x2a, 0xe8, 0xf2, 0xe0, 0x03, 0x80,
    0x9a, 0x60, 0x8e, 0x00, 0xf9, 0x80, 0xb4, 0x01, 0x01, 0x14, 0x03, 0x70, 0x02, 0xf9, 0xae, 0x0a,
    0x00, 0x94, 0x20, 0x64, 0x00, 0x11, 0x80, 0x0c, 0x0a, 0xf0, 0x06, 0x92, 0x1f, 0x78, 0x40, 0xad,
    0x00, 0xe0, 0x41, 0xf8, 0x9f, 0x7a, 0x00, 0xad, 0xc2, 0xea, 0x41, 0xf9, 0x80, 0xe2, 0x01, 0xf8,
    0x38, 0x05, 0x10, 0x46, 0x74, 0x0d, 0x90, 0x00, 0x00, 0x00, 0x20, 0x00, 0x00, 0xf0, 0x00, 0xf8,
    0x68, 0x00, 0x21, 0x00, 0xf9, 0x0c, 0x00, 0x21, 0x00, 0x41, 0x0c, 0x00, 0x04, 0x4c, 0x0c, 0x30,
    0xfd, 0x7b, 0xad, 0xa4, 0x05, 0x41, 0xb0, 0x21, 0x40, 0x03, 0x88, 0x0c, 0x00, 0x00, 0x0c, 0x00,
    0x0c, 0x0c, 0x31, 0x13, 0x00, 0x80, 0xac, 0x03, 0x80, 0x02, 0x54, 0x00, 0x12, 0x21, 0x40, 0x9e,
    0x52, 0x64, 0x04, 0xf4, 0x17, 0x60, 0x00, 0x00, 0x54, 0x80, 0x01, 0x00, 0x34, 0x13, 0x00, 0xb0,
    0x52, 0x9e, 0x08, 0x00, 0x94, 0x80, 0x03, 0x00, 0x35, 0xcc, 0x07, 0x00, 0x94, 0x60, 0x01, 0x00,
    0x34, 0x9a, 0x05, 0x00, 0x94, 0x40, 0x03, 0x00, 0x35, 0x04, 0x09, 0xe8, 0x0b, 0x11, 0xd3, 0xe8,
    0x0b, 0x40, 0xe0, 0x2f, 0x40, 0xb9, 0x30, 0x00, 0x50, 0x6a, 0x0a, 0x00, 0x94, 0xf3, 0xb8, 0x06,
    0x40, 0xc3, 0x00, 0x91, 0xfb, 0x34, 0x00, 0x80, 0x00, 0x00, 0x34, 0xe5, 0x07, 0x00, 0x94, 0xf2,
    0x14, 0x00, 0xf0, 0x16, 0xc7, 0x40, 0x39, 0xe1, 0xc3, 0x40, 0x39, 0x00, 0x5c, 0x18, 0x53, 0x01,
    0x40, 0x01, 0x2a, 0xe0, 0xcb, 0x40, 0x39, 0x00, 0x00, 0x13, 0x2a, 0x20, 0x00, 0x00, 0x2a, 0x34,
    0x0a, 0x00, 0x94, 0xdb, 0x07, 0x00, 0x94, 0xe8, 0xff, 0x7c, 0x02, 0xc2, 0x87, 0x52, 0x7c, 0x09,
    0x00, 0x94, 0x60, 0x6b, 0x88, 0x52, 0x7a, 0x09, 0x70, 0x0d, 0x00, 0x48, 0x0d, 0x40, 0x60, 0xeb,
    0x89, 0x52, 0x44, 0x0d, 0x41, 0x75, 0x09, 0x00, 0x94, 0x10, 0x00, 0x21, 0x6b, 0x8a, 0x10, 0x00,
    0x14, 0x71, 0x10, 0x00, 0x12, 0xeb, 0x10, 0x00, 0x84, 0x6d, 0x09, 0x00, 0x94, 0x48, 0x00, 0x00,
    0xd0, 0x70, 0x10, 0xc8, 0x40, 0x00, 0x3f, 0xd6, 0x41, 0x00, 0x00, 0x90, 0x20, 0xcc, 0x03, 0xb9,
    0x18, 0x00, 0xf5, 0x10, 0xdb, 0xfc, 0xff, 0x17, 0x47, 0x00, 0x00, 0x90, 0xe7, 0xe8, 0x41, 0xf9,
    0x47, 0x00, 0x00, 0xb4, 0xe0, 0x00, 0x1f, 0xd6, 0x20, 0x00, 0x9f, 0x52, 0x01, 0x05, 0x00, 0xd4,
    0xfd, 0x7b, 0xb0, 0xa0, 0x0c, 0x80, 0xf3, 0x03, 0x00, 0xaa, 0xf4, 0x03, 0x01, 0xaa, 0xa0, 0x0c,
    0x80, 0x55, 0x00, 0x00, 0xd0, 0xa0, 0xc2, 0x0e, 0x91, 0x58, 0x0b, 0x00, 0xac, 0x04, 0xf0, 0x09,
    0x66, 0x0a, 0x00, 0x94, 0x00, 0xd3, 0x4e, 0x39, 0xe0, 0x03, 0x00, 0x37, 0xf7, 0x03, 0x03, 0x91,
    0x16, 0x00, 0x80, 0xd2, 0xe3, 0x03, 0x16, 0xaa, 0xc0, 0x0f, 0x40, 0x61, 0x01, 0x80, 0x52, 0x24,
    0x04, 0xf1, 0x45, 0x3d, 0x0a, 0x00, 0x94, 0xc0, 0x1d, 0x00, 0x35, 0xd6, 0x06, 0x00, 0x91, 0xf7,
    0x22, 0x00, 0x91, 0xdf, 0x12, 0x00, 0xf1, 0xe1, 0xfe, 0xff, 0x54, 0xe7, 0x09, 0x00, 0x94, 0xe0,
    0x1a, 0x00, 0x37, 0xff, 0x7b, 0x46, 0xad, 0xa0, 0x0c, 0x8f, 0xd2, 0x00, 0x2e, 0xac, 0xf2, 0x41,
    0xa6, 0x85, 0xd2, 0x41, 0x2c, 0xaf, 0xf2, 0x4d, 0x00, 0x00, 0xd0, 0xad, 0x01, 0x0f, 0x91, 0xc0,
    0x8d, 0xcc, 0xf2, 0x00, 0x64, 0xe6, 0xf2, 0x81, 0xae, 0xcc, 0xf2, 0x01, 0x64, 0xed, 0xf2, 0xbf,
    0x7d, 0x03, 0xa9, 0xa0, 0x05, 0x00, 0xa9, 0xfc, 0x07, 0xa0, 0xd3, 0x0e, 0x39, 0xbf, 0xf9, 0x00,
    0xad, 0xe2, 0x03, 0x14, 0x8c, 0x06, 0x10, 0x52, 0x10, 0x02, 0xc4, 0xde, 0x0d, 0x00, 0x94, 0x94,
    0x17, 0x00, 0xb4, 0x8f, 0x06, 0x00, 0xd1, 0x44, 0x00, 0xf1, 0x00, 0xef, 0xe5, 0x7a, 0x92, 0x6f,
    0x02, 0x0f, 0x8b, 0xec, 0x03, 0x13, 0xaa, 0xee, 0x03, 0x02, 0x30, 0x0e, 0x50, 0xbf, 0x79, 0x40,
    0xad, 0x8b, 0xd8, 0x10, 0xf0, 0x19, 0x7b, 0x02, 0xad, 0xbf, 0x79, 0x41, 0xad, 0xe0, 0x23, 0x40,
    0xf9, 0xf2, 0x43, 0x40, 0xb9, 0xf1, 0x4b, 0x40, 0xb9, 0x10, 0xfc, 0x60, 0xd3, 0xe0, 0x2b, 0x40,
    0xf9, 0xff, 0x7b, 0x03, 0xad, 0xff, 0x13, 0xc0, 0x3d, 0xfe, 0x3f, 0x80, 0x3d, 0x07, 0x14, 0x00,
    0xf0, 0x01, 0x3b, 0x40, 0xf9, 0xe3, 0x53, 0x40, 0xb9, 0xff, 0x33, 0x80, 0x3d, 0xff, 0x17, 0xc0,
    0x3d, 0x04, 0x14, 0x00, 0xf6, 0x9f, 0x33, 0x40, 0xf9, 0xe6, 0x5b, 0x40, 0xb9, 0xff, 0x37, 0x80,
    0x3d, 0xff, 0x1b, 0xc0, 0x3d, 0x1e, 0xfc, 0x60, 0xd3, 0xf6, 0x63, 0x40, 0xb9, 0xea, 0x6b, 0x40,
    0xb9, 0xe5, 0x73, 0x40, 0xb9, 0xff, 0x3b, 0x80, 0x3d, 0xe2, 0x7b, 0x40, 0xb9, 0xe0, 0xff, 0x40,
    0xb9, 0xe9, 0xcf, 0x40, 0xb9, 0xe1, 0xdf, 0x40, 0xb9, 0xe8, 0xef, 0x40, 0xb9, 0x72, 0x00, 0x12,
    0x0b, 0xf0, 0x00, 0x10, 0x0b, 0xd1, 0x00, 0x11, 0x0b, 0x29, 0x00, 0x09, 0x0b, 0x45, 0x02, 0x05,
    0x4a, 0x04, 0x02, 0x04, 0x4a, 0x42, 0x00, 0x11, 0x4a, 0x00, 0x00, 0x09, 0x4a, 0xa5, 0x40, 0x85,
    0x13, 0x84, 0x40, 0x84, 0x13, 0x42, 0x40, 0x82, 0x13, 0x00, 0x40, 0x80, 0x13, 0xb6, 0x00, 0x16,
    0x0b, 0x9e, 0x00, 0x1e, 0x0b, 0x4a, 0x01, 0x02, 0x0b, 0x08, 0x01, 0x00, 0x0b, 0xc3, 0x02, 0x03,
    0x4a, 0xc7, 0x03, 0x07, 0x4a, 0x46, 0x01, 0x06, 0x4a, 0x01, 0x01, 0x01, 0x4a, 0x63, 0x50, 0x83,
    0x13, 0xe7, 0x50, 0x87, 0x13, 0xc6, 0x50, 0x86, 0x13, 0x21, 0x50, 0x81, 0x13, 0x52, 0x02, 0x03,
    0x0b, 0x10, 0x02, 0x07, 0x0b, 0x31, 0x02, 0x06, 0x0b, 0x29, 0x01, 0x01, 0x0b, 0xa5, 0x00, 0x12,
    0x4a, 0x84, 0x00, 0x10, 0x60, 0x00, 0xf5, 0x07, 0x60, 0x85, 0x13, 0x84, 0x60, 0x84, 0x13, 0x42,
    0x60, 0x82, 0x13, 0x00, 0x60, 0x80, 0x13, 0xd6, 0x02, 0x05, 0x0b, 0xde, 0x03, 0x04, 0x60, 0x00,
    0xf9, 0x70, 0x63, 0x00, 0x16, 0x4a, 0xe7, 0x00, 0x1e, 0x4a, 0xc6, 0x00, 0x0a, 0x4a, 0x21, 0x00,
    0x08, 0x4a, 0x63, 0x64, 0x83, 0x13, 0xe7, 0x64, 0x87, 0x13, 0xc6, 0x64, 0x86, 0x13, 0x21, 0x64,
    0x81, 0x13, 0x52, 0x02, 0x07, 0x0b, 0x10, 0x02, 0x06, 0x0b, 0x31, 0x02, 0x01, 0x0b, 0x69, 0x00,
    0x09, 0x0b, 0x00, 0x00, 0x12, 0x4a, 0xa5, 0x00, 0x10, 0x4a, 0x84, 0x00, 0x11, 0x4a, 0x42, 0x00,
    0x09, 0x4a, 0x00, 0x40, 0x80, 0x13, 0xa5, 0x40, 0x85, 0x13, 0x84, 0x40, 0x84, 0x13, 0x42, 0x40,
    0x82, 0x13, 0x4a, 0x01, 0x00, 0x0b, 0x08, 0x01, 0x05, 0x0b, 0xd6, 0x02, 0x04, 0x0b, 0xde, 0x03,
    0x02, 0x0b, 0xe7, 0x00, 0x0a, 0x4a, 0xc6, 0x00, 0x08, 0x4a, 0x21, 0x00, 0x16, 0x4a, 0x63, 0x00,
    0x1e, 0x4a, 0xe7, 0x50, 0x87, 0x13, 0xc6, 0x50, 0x86, 0x13, 0x21, 0x50, 0x81, 0x13, 0x63, 0x50,
    0x83, 0x60, 0x00, 0x3e, 0x29, 0x01, 0x03, 0x60, 0x00, 0x38, 0x60, 0x80, 0x13, 0xc4, 0x00, 0x0f,
    0x60, 0x00, 0x0d, 0x48, 0x6b, 0x05, 0x00, 0x71, 0xc0, 0x00, 0x00, 0xd0, 0x00, 0xf0, 0x39, 0xe1,
    0xf3, 0xff, 0x54, 0xe6, 0x07, 0x1b, 0x29, 0xe1, 0x03, 0x03, 0x91, 0xe2, 0x03, 0x1f, 0x29, 0x00,
    0x00, 0x80, 0xd2, 0xf2, 0x43, 0x18, 0x29, 0xf1, 0x27, 0x19, 0x29, 0xe3, 0x1f, 0x1a, 0x29, 0xf6,
    0x7b, 0x1c, 0x29, 0xea, 0x23, 0x1d, 0x29, 0xe5, 0x13, 0x1e, 0x29, 0xbe, 0x69, 0xe0, 0x3c, 0x00,
    0x40, 0x00, 0x91, 0x3f, 0x00, 0xc0, 0x3d, 0xfe, 0x87, 0xbe, 0x4e, 0x3e, 0x04, 0x81, 0x3c, 0x1f,
    0x00, 0x01, 0xf1, 0x41, 0xff, 0xff, 0x54, 0xc0, 0x02, 0xf3, 0x0f, 0xdf, 0x79, 0x00, 0xad, 0xff,
    0x7b, 0x47, 0xad, 0xdf, 0x79, 0x01, 0xad, 0xa0, 0x31, 0x40, 0xb9, 0x00, 0x04, 0x00, 0x11, 0xa0,
    0x31, 0x00, 0xb9, 0x80, 0x00, 0x00, 0x35, 0xa0, 0x35, 0x10, 0x00, 0xf0, 0x00, 0x35, 0x00, 0xb9,
    0x9f, 0x01, 0x0f, 0xeb, 0x80, 0x01, 0x00, 0x54, 0xe1, 0x03, 0x0e, 0xaa, 0x70, 0x00, 0xf1, 0x00,
    0x9d, 0x69, 0xe0, 0x3c, 0x3c, 0x04, 0xc1, 0x3c, 0xbc, 0x1f, 0x3c, 0x6e, 0x9c, 0x69, 0xa0, 0x64,
    0x00, 0x04, 0x58, 0x00, 0xf0, 0x07, 0x8c, 0x01, 0x01, 0x91, 0x56, 0xff, 0xff, 0x17, 0x73, 0x02,
    0x14, 0x8b, 0xce, 0x01, 0x0c, 0xcb, 0xc0, 0x69, 0x6c, 0x38, 0x81, 0x01, 0x34, 0x04, 0xf2, 0x03,
    0x01, 0x4a, 0x80, 0x15, 0x00, 0x38, 0x7f, 0x02, 0x0c, 0xeb, 0x61, 0xff, 0xff, 0x54, 0xf3, 0x53,
    0x41, 0xa9, 0x94, 0x03, 0xf1, 0x13, 0x43, 0xa9, 0xf5, 0x5b, 0x42, 0xa9, 0xfd, 0x7b, 0xd0, 0xa8,
    0xb4, 0x09, 0x00, 0x14, 0xe0, 0x03, 0x02, 0x91, 0x12, 0x09, 0x00, 0x94, 0xe1, 0x47, 0x40, 0xf9,
    0xe0, 0x63, 0x40, 0xf9, 0x00, 0x00, 0x01, 0xca, 0xb8, 0x0a, 0x11, 0x63, 0x24, 0x05, 0xb3, 0xca,
    0xe1, 0x43, 0x40, 0xf9, 0xe0, 0x67, 0x00, 0xf9, 0xe0, 0x6b, 0x1c, 0x00, 0x52, 0x6f, 0x40, 0xf9,
    0xe0, 0x6b, 0x1c, 0x00, 0xf0, 0x09, 0xe0, 0x6f, 0x00, 0xf9, 0x1a, 0xff, 0xff, 0x17, 0x20, 0xab,
    0x88, 0x52, 0x59, 0x08, 0x00, 0x94, 0xfd, 0x7b, 0xbe, 0xa9, 0x01, 0x01, 0x80, 0xd2, 0x80, 0x04,
    0xf1, 0x00, 0xe0, 0x63, 0x00, 0x91, 0xf8, 0xfe, 0xff, 0x97, 0xe0, 0x0f, 0x40, 0xf9, 0xfd, 0x7b,
    0xc2, 0x00, 0x05, 0x40, 0xfd, 0x7b, 0xba, 0xa9, 0x1c, 0x00, 0xf4, 0x19, 0xf3, 0x53, 0x01, 0xa9,
    0x53, 0x00, 0x00, 0xd0, 0x74, 0xc2, 0x11, 0x91, 0xf5, 0x13, 0x00, 0xf9, 0xd6, 0x08, 0x00, 0x94,
    0xe2, 0xe3, 0x00, 0x91, 0xe1, 0xd3, 0x00, 0x91, 0x60, 0x72, 0x04, 0xb9, 0xe0, 0x03, 0x02, 0xaa,
    0xff, 0xff, 0x03, 0xa9, 0x50, 0x14, 0x10, 0x0c, 0x04, 0x04, 0xb0, 0x1f, 0x40, 0xf9, 0x9f, 0x12,
    0x00, 0x39, 0x9f, 0x82, 0x00, 0xa9, 0x88, 0x03, 0x21, 0x80, 0x0e, 0x84, 0x10, 0x71, 0xd0, 0xa0,
    0xc2, 0x12, 0x91, 0x4e, 0x09, 0x08, 0x0b, 0x50, 0xd0, 0x02, 0xa0, 0x12, 0x91, 0xd4, 0x0d, 0xf2,
    0x02, 0x82, 0x1a, 0x00, 0xf9, 0x21, 0x00, 0x06, 0x91, 0x02, 0x54, 0x42, 0xf9, 0x81, 0x0a, 0x02,
    0xa9, 0x82, 0x10, 0x12, 0xf0, 0x02, 0xd0, 0x21, 0x60, 0x12, 0x91, 0x41, 0x18, 0x00, 0xf9, 0x73,
    0xc2, 0x11, 0x91, 0x13, 0x54, 0x02, 0xf9, 0x3c, 0x00, 0x80, 0x73, 0x09, 0x00, 0x94, 0xf5, 0x13,
    0x40, 0xf9, 0x20, 0x0d, 0x40, 0x13, 0xf4, 0x00, 0xf9, 0x28, 0x01, 0x33, 0xfd, 0x7b, 0xc6, 0xb0,
    0x00, 0x02, 0x40, 0x15, 0xf1, 0x09, 0xf5, 0x5b, 0x02, 0xa9, 0x36, 0xeb, 0x82, 0x52, 0x9f, 0x2c,
    0x40, 0xf2, 0xe1, 0x07, 0x00, 0x54, 0xe7, 0x03, 0x00, 0xaa, 0xe8, 0x03, 0x01, 0xaa, 0x44, 0x06,
    0xb0, 0xd4, 0x40, 0xf9, 0xe9, 0x03, 0x02, 0xaa, 0xf5, 0x03, 0x03, 0xaa, 0xd8, 0x00, 0xc1, 0xf4,
    0x03, 0x04, 0xaa, 0x33, 0x00, 0x00, 0xf0, 0x73, 0xf6, 0x40, 0xf9, 0x2c, 0x11, 0xb1, 0x6b, 0x04,
    0xa9, 0xfa, 0x03, 0x06, 0x2a, 0xf9, 0x03, 0x05, 0x2a, 0xec, 0x14, 0xb0, 0x3e, 0x00, 0x91, 0x73,
    0xee, 0x7c, 0x92, 0x23, 0x06, 0x00, 0xb4, 0x54, 0x00, 0x10, 0x7f, 0x54, 0x00, 0x31, 0x0c, 0x00,
    0x54, 0x4c, 0x00, 0xf0, 0x16, 0xc0, 0x40, 0xf9, 0x03, 0x00, 0x40, 0xf9, 0x00, 0x02, 0x80, 0xd2,
    0x7f, 0x40, 0x00, 0xf1, 0x63, 0x20, 0x80, 0x9a, 0x60, 0xfc, 0x08, 0x91, 0x00, 0x00, 0x13, 0x8b,
    0xe3, 0x03, 0x03, 0xcb, 0x00, 0x00, 0x03, 0x8a, 0x01, 0xc0, 0x60, 0x02, 0xf0, 0x0d, 0x04, 0xeb,
    0x62, 0x05, 0x00, 0x54, 0x94, 0x00, 0x00, 0xcb, 0x18, 0x00, 0x80, 0x52, 0xfb, 0x2b, 0x00, 0xf9,
    0xe7, 0xa3, 0x06, 0xa9, 0xe9, 0x3f, 0x00, 0xf9, 0x07, 0x02, 0xcc, 0x01, 0xf0, 0x01, 0x82, 0xd2,
    0x60, 0x02, 0x14, 0x8b, 0x00, 0x00, 0x01, 0x8b, 0x01, 0x00, 0x88, 0xd2, 0x16, 0xcc, 0xb0, 0x0a,
    0x60, 0x16, 0xaa, 0xfb, 0x03, 0x16, 0xaa, 0x20, 0x00, 0x80, 0xe2, 0x03, 0x16, 0xaa, 0xe1, 0x03,
    0x15, 0xaa, 0xb0, 0x0a, 0xf0, 0x0d, 0xb1, 0x08, 0x00, 0x94, 0xf6, 0x03, 0x00, 0x2a, 0xfd, 0x01,
    0x00, 0x94, 0xe9, 0x3f, 0x40, 0xf9, 0xe7, 0xa3, 0x46, 0xa9, 0x96, 0x03, 0x00, 0x34, 0x18, 0x07,
    0x00, 0x35, 0x0c, 0x01, 0x00, 0x30, 0x02, 0x70, 0xf9, 0x6b, 0x44, 0xa9, 0xfb, 0x2b, 0x40, 0x04,
    0x0c, 0x12, 0x2a, 0x3c, 0x02, 0x11, 0xc9, 0x20, 0x01, 0x80, 0x61, 0x02, 0x09, 0x91, 0x00, 0x00,
    0x82, 0xd2, 0x7c, 0x00, 0xc0, 0x21, 0x00, 0x04, 0x8b, 0xe2, 0x3f, 0x00, 0xf9, 0x63, 0xfe, 0xff,
    0x97, 0x48, 0x00, 0x40, 0xf5, 0x03, 0x00, 0xaa, 0x4c, 0x00, 0x60, 0x00, 0x0f, 0x00, 0xb5, 0x36,
    0xab, 0xe4, 0x05, 0x28, 0x16, 0x2a, 0x50, 0x00, 0x08, 0x48, 0x00, 0xf1, 0x31, 0xe0, 0x02, 0x14,
    0x8b, 0x94, 0xc2, 0x00, 0xd1, 0xff, 0x00, 0x00, 0xb9, 0x03, 0xc0, 0x00, 0xd1, 0x01, 0x00, 0x13,
    0x8b, 0xf8, 0x10, 0x00, 0x39, 0xf5, 0xdc, 0x00, 0xa9, 0xe2, 0x03, 0x03, 0xaa, 0xe5, 0x03, 0x1a,
    0x2a, 0xe4, 0x03, 0x19, 0x2a, 0xf4, 0xfc, 0x01, 0xa9, 0xff, 0xfc, 0x02, 0xa9, 0x07, 0x00, 0x1d,
    0xf8, 0xe7, 0x3b, 0x00, 0xf9, 0x68, 0xa4, 0x00, 0xa9, 0x61, 0x80, 0x01, 0xa9, 0xe8, 0x15, 0x52,
    0xc0, 0x29, 0x91, 0xe0, 0x33, 0xac, 0x08, 0x80, 0x87, 0x08, 0x00, 0x94, 0xe3, 0x9f, 0x46, 0xa9,
    0xd8, 0x00, 0x40, 0xe0, 0x02, 0x00, 0x34, 0x7c, 0x17, 0x00, 0xf0, 0x00, 0xc0, 0xe0, 0x03, 0x17,
    0xaa, 0x77, 0x08, 0x00, 0x94, 0x58, 0xf9, 0xff, 0x34, 0x34, 0x0e, 0x44, 0x3c, 0xfe, 0xff, 0x97,
    0xd8, 0x00, 0x0f, 0x9c, 0x00, 0x05, 0x00, 0x18, 0x00, 0x00, 0xbc, 0x00, 0x04, 0x08, 0x01, 0x09,
    0xb8, 0x00, 0xb0, 0x8f, 0x40, 0xb9, 0x02, 0x48, 0x80, 0xd2, 0x01, 0x00, 0x80, 0x52, 0x24, 0x09,
    0xf2, 0x08, 0x34, 0x00, 0x00, 0xf0, 0x94, 0xe6, 0x40, 0xf9, 0xe0, 0x00, 0x00, 0xb9, 0x60, 0x0c,
    0x40, 0xf9, 0x44, 0x0c, 0x00, 0x94, 0xe3, 0x37, 0x40, 0x6c, 0x08, 0xf0, 0x06, 0xcc, 0x40, 0xf9,
    0x61, 0x0c, 0x40, 0xf9, 0x02, 0xe0, 0x02, 0x91, 0x20, 0x88, 0x00, 0xa9, 0x00, 0xc0, 0x05, 0x91,
    0x20, 0x0c, 0x48, 0x03, 0xa0, 0x80, 0xd2, 0x20, 0x68, 0x00, 0xf9, 0xc1, 0x61, 0x86, 0x52, 0x34,
    0x00, 0x81, 0x01, 0xb0, 0x01, 0x79, 0x41, 0x86, 0x8a, 0x12, 0x0c, 0x00, 0x62, 0xb4, 0x01, 0x79,
    0x81, 0x46, 0x82, 0x18, 0x00, 0x62, 0xb8, 0x01, 0x79, 0x41, 0x32, 0x83, 0x18, 0x00, 0x62, 0xbc,
    0x01, 0x79, 0x61, 0x22, 0x84, 0x0c, 0x00, 0x40, 0xc0, 0x01, 0x79, 0xa1, 0x24, 0x12, 0x93, 0x0c,
    0x40, 0xf9, 0x01, 0xc4, 0x01, 0x79, 0x61, 0x01, 0x0c, 0x00, 0x30, 0xc8, 0x01, 0x79, 0xd4, 0x02,
    0x40, 0x01, 0xf8, 0x40, 0xf9, 0x4c, 0x00, 0xf0, 0x02, 0x22, 0x04, 0x40, 0xf9, 0x02, 0x04, 0x00,
    0xf9, 0x22, 0x08, 0x40, 0xf9, 0x02, 0x08, 0x00, 0xf9, 0x21, 0x30, 0x00, 0x00, 0xd4, 0x0b, 0xf0,
    0x0c, 0x00, 0x00, 0xf0, 0x21, 0xd0, 0x40, 0xf9, 0x94, 0x02, 0x01, 0xcb, 0x73, 0x02, 0x14, 0xcb,
    0xf4, 0x01, 0x00, 0xb5, 0x53, 0xf0, 0xff, 0xb4, 0x60, 0x10, 0x40, 0xf9, 0x70, 0x0a, 0x00, 0xdc,
    0x00, 0x80, 0x00, 0x00, 0x14, 0x8b, 0x11, 0x0c, 0x00, 0x94, 0x2c, 0x01, 0x00, 0x10, 0x01, 0x04,
    0x0c, 0x01, 0x53, 0x7c, 0xff, 0xff, 0x17, 0x38, 0x80, 0x02, 0x10, 0x60, 0x94, 0x08, 0x01, 0x34,
    0x00, 0x82, 0x14, 0xaa, 0xe3, 0x37, 0x00, 0xf9, 0x75, 0x0b, 0xfc, 0x00, 0x82, 0xf3, 0xed, 0xff,
    0xb4, 0xed, 0xff, 0xff, 0x17, 0x90, 0x18, 0x11, 0xbd, 0x00, 0x04, 0x00, 0x98, 0x00, 0x00, 0x2c,
    0x03, 0x40, 0x14, 0xf4, 0x40, 0xf9, 0x5c, 0x03, 0x40, 0x34, 0x04, 0x00, 0xb4, 0x94, 0x0e, 0xf1,
    0x13, 0x00, 0x80, 0x11, 0x91, 0x15, 0xfc, 0xdf, 0xc8, 0x56, 0x00, 0x00, 0xd0, 0xd6, 0x02, 0x10,
    0x91, 0x13, 0x00, 0x80, 0xd2, 0x1f, 0x20, 0x03, 0xd5, 0xa0, 0x26, 0xd3, 0x9a, 0x20, 0x01, 0x00,
    0x36, 0x81, 0x12, 0x94, 0x00, 0xf0, 0x16, 0x2a, 0x20, 0x78, 0x62, 0xf8, 0xa0, 0x00, 0x00, 0xb4,
    0x3f, 0x78, 0x22, 0xf8, 0xc1, 0x7a, 0x73, 0xf8, 0x41, 0x00, 0x00, 0xb4, 0x20, 0x00, 0x3f, 0xd6,
    0x73, 0x06, 0x00, 0x91, 0x7f, 0x32, 0x00, 0xf1, 0x81, 0xfe, 0xff, 0x54, 0x60, 0x04, 0x50, 0x60,
    0xc2, 0x12, 0x91, 0x47, 0x9c, 0x09, 0x30, 0x86, 0x42, 0xa9, 0x88, 0x12, 0x80, 0x40, 0x00, 0x00,
    0xb4, 0x01, 0x18, 0x00, 0xf9, 0x18, 0x00, 0xf2, 0x07, 0x9f, 0x7e, 0x02, 0xa9, 0x9f, 0x1a, 0x00,
    0xf9, 0x73, 0x08, 0x00, 0x94, 0x02, 0x08, 0x00, 0x94, 0x20, 0x2b, 0x82, 0x52, 0x28, 0x07, 0x48,
    0x09, 0x04, 0x02, 0x00, 0x00, 0xb0, 0x00, 0x80, 0x81, 0xc4, 0x8a, 0x52, 0x81, 0x2a, 0xa4, 0x72,
    0xb8, 0x04, 0x40, 0x02, 0x02, 0x80, 0xd2, 0xb8, 0x00, 0x00, 0xec, 0x08, 0x80, 0x74, 0xd0, 0x3b,
    0xd5, 0x94, 0x02, 0x06, 0x91, 0xb0, 0x03, 0x00, 0xc4, 0x04, 0xe0, 0x81, 0x62, 0x00, 0xb9, 0x01,
    0x0c, 0x40, 0xf9, 0x83, 0x36, 0x00, 0xf9, 0x81, 0x3a, 0x80, 0x04, 0x40, 0x00, 0xf0, 0x21, 0xc0,
    0xd4, 0x0e, 0xd0, 0x40, 0xf9, 0x3f, 0x40, 0x00, 0xf1, 0x21, 0x20, 0x82, 0x9a, 0x02, 0x10, 0x40,
    0x38, 0x15, 0x10, 0xd0, 0x78, 0x04, 0xf0, 0x02, 0x41, 0x00, 0x01, 0xcb, 0x81, 0x3e, 0x00, 0xf9,
    0x61, 0x00, 0x40, 0xb9, 0x81, 0x66, 0x00, 0xb9, 0x1d, 0x58, 0x10, 0xf3, 0x15, 0x02, 0x40, 0xf9,
    0x41, 0x00, 0x00, 0xd0, 0x22, 0xa0, 0x12, 0x91, 0x02, 0x18, 0x00, 0xf9, 0x22, 0x54, 0x42, 0xf9,
    0x14, 0x08, 0x02, 0xa9, 0x62, 0x00, 0x00, 0xb4, 0x03, 0xa0, 0x00, 0x91, 0x43, 0x18, 0x00, 0xf9,
    0x20, 0xb8, 0x04, 0x80, 0x45, 0x08, 0x00, 0x94, 0x61, 0x82, 0x40, 0xa9, 0xf8, 0x00, 0x42, 0xaa,
    0xff, 0xff, 0x97, 0xb4, 0x00, 0x62, 0x40, 0xb9, 0xcd, 0x07, 0x00, 0x14, 0x0c, 0x00, 0x00, 0xc0,
    0x00, 0x11, 0xbe, 0x70, 0x01, 0x80, 0xe1, 0x63, 0x00, 0x91, 0x03, 0x00, 0x80, 0x92, 0xb4, 0x0f,
    0x00, 0x24, 0x00, 0xa0, 0xe0, 0x1b, 0x00, 0xb9, 0xe0, 0x73, 0x00, 0x91, 0x34, 0x01, 0xb4, 0x05,
    0x02, 0x9c, 0x05, 0x00, 0x30, 0x00, 0xf0, 0x01, 0x01, 0x10, 0x40, 0xf9, 0x81, 0x00, 0x00, 0xb4,
    0x21, 0xeb, 0x82, 0x52, 0xe0, 0x03, 0x01, 0x2a, 0x18, 0x0b, 0xa0, 0xe3, 0x03, 0x00, 0xaa, 0x22,
    0x00, 0x00, 0xf0, 0x42, 0xf4, 0xc8, 0x05, 0x02, 0x50, 0x00, 0x01, 0xac, 0x04, 0x70, 0xd4, 0x40,
    0xf9, 0x42, 0x00, 0x00, 0xcb, 0x5c, 0x02, 0x80, 0x42, 0x3c, 0x00, 0x91, 0x42, 0xec, 0x7c, 0x92,
    0xcc, 0x15, 0x40, 0xe0, 0x4d, 0x82, 0xd2, 0x08, 0x00, 0xf0, 0x1d, 0x61, 0x80, 0x40, 0xa9, 0x42,
    0xcc, 0x74, 0x92, 0xe3, 0x0b, 0x00, 0xf9, 0x9a, 0x07, 0x00, 0x94, 0xe1, 0x03, 0x00, 0x2a, 0x00,
    0x01, 0x00, 0x35, 0xe3, 0x0b, 0x40, 0xf9, 0x60, 0x10, 0x40, 0x39, 0x00, 0x01, 0x00, 0x37, 0x60,
    0x00, 0x40, 0xb9, 0xe1, 0x13, 0x00, 0xb9, 0x40, 0x10, 0x40, 0xe1, 0x13, 0x40, 0xb9, 0x74, 0x00,
    0x04, 0x90, 0x00, 0xc0, 0x60, 0x04, 0x40, 0xf9, 0xe1, 0x1f, 0x00, 0xb9, 0x53, 0xfd, 0xff, 0x97,
    0x34, 0x00, 0x53, 0xe1, 0x1f, 0x40, 0xb9, 0xf4, 0x48, 0x02, 0x04, 0x02, 0x00, 0x00, 0xa0, 0x01,
    0x00, 0x98, 0x01, 0x00, 0x40, 0x19, 0x00, 0x98, 0x01, 0x40, 0xf4, 0x03, 0x00, 0xaa, 0xf4, 0x12,
    0x90, 0xe0, 0x83, 0x00, 0x91, 0xc2, 0xff, 0x8f, 0x12, 0xa8, 0xb0, 0x10, 0x32, 0x00, 0x00, 0x34,
    0xd4, 0x05, 0x11, 0xc3, 0xb4, 0x04, 0x00, 0x2c, 0x00, 0x00, 0x1c, 0x00, 0x90, 0xe1, 0x03, 0x13,
    0x2a, 0xe0, 0xa3, 0x00, 0x91, 0x9f, 0xf4, 0x01, 0xf8, 0x00, 0xff, 0xff, 0x35, 0xe2, 0x07, 0x42,
    0xa9, 0x21, 0x00, 0x02, 0x8b, 0x82, 0x06, 0x00, 0xa9, 0x30, 0x00, 0x04, 0x6c, 0x00, 0x00, 0x02,
    0x00, 0x10, 0x48, 0xe0, 0x0e, 0x00, 0x09, 0x00, 0x03, 0x02, 0x00, 0x71, 0xfd, 0x7b, 0xb5, 0xa9,
    0x21, 0xfc, 0x3f, 0x2c, 0x0c, 0x00, 0x80, 0x00, 0x00, 0xcc, 0x02, 0x80, 0x35, 0xcc, 0x74, 0x92,
    0x01, 0x50, 0x40, 0xa9, 0x50, 0x03, 0xf0, 0x01, 0xbf, 0x02, 0x14, 0xeb, 0xc8, 0x06, 0x00, 0x54,
    0x94, 0x02, 0x15, 0xcb, 0xf7, 0x63, 0x03, 0xa9, 0x70, 0x05, 0xf0, 0x25, 0xe0, 0xf3, 0x01, 0x91,
    0x42, 0xfc, 0x3f, 0x91, 0x94, 0xfe, 0x4c, 0xd3, 0x58, 0x00, 0x00, 0xd0, 0x18, 0x83, 0x13, 0x91,
    0x56, 0xcc, 0x74, 0x92, 0xf9, 0x6b, 0x04, 0xa9, 0x94, 0x06, 0x00, 0x91, 0x19, 0x40, 0x80, 0x52,
    0xfb, 0x73, 0x05, 0xa9, 0x44, 0x00, 0x00, 0xd0, 0x9c, 0xc0, 0x13, 0x91, 0xe0, 0x33, 0x00, 0xf9,
    0xa4, 0x07, 0xf0, 0x11, 0xe0, 0x37, 0x00, 0xf9, 0xe0, 0xff, 0xff, 0x97, 0x13, 0x08, 0xd4, 0x9a,
    0x73, 0x82, 0x14, 0x9b, 0xe0, 0x02, 0x40, 0xf9, 0x13, 0x30, 0x13, 0x8b, 0x80, 0x07, 0x40, 0xf9,
    0xbb, 0x02, 0x13, 0x8b, 0x50, 0x1a, 0x10, 0x82, 0x94, 0x0c, 0xf4, 0x00, 0x03, 0x40, 0xf9, 0x7f,
    0x03, 0x00, 0xeb, 0xa8, 0xfe, 0xff, 0x54, 0x00, 0x07, 0x40, 0xf9, 0x18, 0x00, 0x13, 0x00, 0x18,
    0x00, 0xf0, 0x02, 0xe8, 0xfd, 0xff, 0x54, 0x7a, 0x02, 0x16, 0xcb, 0xe1, 0x03, 0x46, 0xa9, 0xe2,
    0x03, 0x1a, 0xaa, 0x35, 0x98, 0x11, 0xa1, 0x04, 0x00, 0x35, 0xe0, 0x07, 0x48, 0xa9, 0x63, 0x03,
    0x16, 0x34, 0x06, 0x20, 0xe1, 0x93, 0x60, 0x11, 0xf4, 0x03, 0x00, 0x71, 0x62, 0x00, 0x40, 0xfa,
    0x69, 0x01, 0x00, 0x54, 0x39, 0x07, 0x00, 0x71, 0x21, 0xfc, 0xff, 0x54, 0xf8, 0x03, 0x40, 0xfb,
    0x73, 0x45, 0xa9, 0x98, 0x08, 0x00, 0x28, 0x01, 0x02, 0x10, 0x05, 0x11, 0xcb, 0x5c, 0x01, 0x01,
    0xc4, 0x03, 0x70, 0x5c, 0x42, 0xf9, 0x20, 0x01, 0x00, 0xb4, 0x0c, 0x03, 0x31, 0x5f, 0x03, 0x01,
    0x94, 0x00, 0xf0, 0x05, 0x01, 0x08, 0x40, 0xf9, 0x7f, 0x00, 0x01, 0xeb, 0xc8, 0xfd, 0xff, 0x54,
    0x00, 0x00, 0x40, 0xf9, 0x20, 0xff, 0xff, 0xb5, 0x4c, 0x00, 0x00, 0x8c, 0x0b, 0x01, 0x5c, 0x06,
    0x21, 0x73, 0x45, 0x74, 0x01, 0x08, 0x4c, 0x00, 0x6e, 0x20, 0xab, 0x81, 0x52, 0x44, 0x06, 0x90,
    0x03, 0x00, 0xf0, 0x01, 0x80, 0x62, 0x00, 0x80, 0x52, 0x41, 0x00, 0x80, 0x52, 0x9c, 0x0d, 0x00,
    0xe8, 0x03, 0x31, 0x73, 0xc2, 0x13, 0x88, 0x13, 0x84, 0x7c, 0xff, 0xff, 0x97, 0x60, 0x08, 0x00,
    0x35, 0xe4, 0x01, 0x40, 0x81, 0x03, 0x80, 0x52, 0xe4, 0x01, 0x10, 0x26, 0xa0, 0x12, 0x12, 0x04,
    0xf8, 0x12, 0x50, 0x00, 0x80, 0x13, 0x91, 0xa2, 0x88, 0x0f, 0xb1, 0x00, 0x80, 0x52, 0x70, 0xff,
    0xff, 0x97, 0x20, 0x07, 0x00, 0x35, 0x44, 0x00, 0x90, 0x42, 0x13, 0x91, 0xa2, 0x01, 0x80, 0x52,
    0x81, 0x01, 0xac, 0x06, 0x82, 0x13, 0xaa, 0x69, 0xff, 0xff, 0x97, 0xc0, 0x03, 0x34, 0x00, 0x00,
    0x34, 0x1b, 0x00, 0x78, 0x1b, 0xd0, 0x01, 0xd0, 0x12, 0x39, 0xe1, 0x5b, 0x73, 0xb2, 0xe0, 0xff,
    0x83, 0x92, 0xe5, 0x9c, 0x00, 0x00, 0x10, 0x0e, 0xe1, 0x80, 0x9a, 0x52, 0x1f, 0x00, 0x01, 0x6b,
    0x60, 0x03, 0x00, 0x54, 0x21, 0x80, 0x9b, 0x0c, 0x00, 0xf1, 0x05, 0x41, 0x04, 0x00, 0x54, 0x01,
    0x00, 0xa1, 0xd2, 0x00, 0x02, 0xc0, 0xd2, 0x02, 0x00, 0xb0, 0xd2, 0x61, 0x02, 0x00, 0xa9, 0x1c,
    0x01, 0x72, 0x00, 0x13, 0x91, 0x01, 0x08, 0x00, 0xa9, 0x14, 0x0e, 0x02, 0x90, 0x02, 0x61, 0x60,
    0x06, 0x40, 0xf9, 0xe1, 0x17, 0x78, 0x09, 0x10, 0xcb, 0x58, 0x0f, 0x44, 0xd7, 0xff, 0xff, 0x17,
    0x2c, 0x00, 0x90, 0xe2, 0x01, 0x80, 0x52, 0xc1, 0x01, 0x80, 0x52, 0x46, 0xd8, 0x00, 0xf0, 0x02,
    0xfe, 0xff, 0x34, 0x20, 0x2b, 0x81, 0x52, 0xff, 0x05, 0x00, 0x94, 0x01, 0x04, 0xa0, 0xd2, 0x20,
    0x00, 0x5c, 0x00, 0x1f, 0xa8, 0x5c, 0x00, 0x0a, 0xd0, 0x20, 0x2b, 0x89, 0x52, 0xf3, 0x05, 0x00,
    0x94, 0x20, 0x6b, 0x81, 0x52, 0xf1, 0x94, 0x0e, 0x00, 0x9c, 0x0f, 0x43, 0x00, 0x14, 0x91, 0x02,
    0x24, 0x04, 0x02, 0x68, 0x00, 0x33, 0x14, 0x91, 0x32, 0x10, 0x00, 0x04, 0xe0, 0x03, 0x00, 0xcc,
    0x02, 0x00, 0x4c, 0x03, 0x04, 0x20, 0x00, 0x50, 0xf3, 0x03, 0x01, 0xaa, 0x45, 0x28, 0x03, 0xb0,
    0x01, 0x00, 0x36, 0xe2, 0x03, 0x13, 0xaa, 0xe1, 0x03, 0x14, 0xaa, 0xfc, 0x01, 0x02, 0x20, 0x00,
    0x20, 0x13, 0x91, 0xb4, 0x03, 0x40, 0x3d, 0xff, 0xff, 0x17, 0x14, 0x00, 0x00, 0x18, 0x02, 0x00,
    0x10, 0x00, 0x00, 0x3c, 0x04, 0x0f, 0x50, 0x00, 0x09, 0x10, 0x31, 0x94, 0x01, 0x30, 0x01, 0x00,
    0x36, 0x44, 0x00, 0x80, 0x43, 0x00, 0x00, 0xd0, 0x01, 0xd0, 0x52, 0x39, 0x5c, 0x00, 0x40, 0x63,
    0x00, 0x13, 0x91, 0x14, 0x00, 0x40, 0x00, 0x40, 0x13, 0x91, 0x4c, 0x1b, 0x04, 0x6c, 0x00, 0x40,
    0x00, 0x00, 0x83, 0x9a, 0x58, 0x00, 0x1f, 0x23, 0x68, 0x00, 0x00, 0x03, 0x8f, 0x03, 0x41, 0x00,
    0xfd, 0x7b, 0xbb, 0xf0, 0x04, 0x04, 0xc0, 0x00, 0x00, 0x90, 0x03, 0x12, 0xf5, 0x54, 0x15, 0x90,
    0x2a, 0x7f, 0x04, 0x00, 0xb1, 0x00, 0x06, 0x00, 0x54, 0x88, 0x03, 0x00, 0x6c, 0x03, 0xf0, 0x31,
    0x20, 0xe0, 0x3b, 0xd5, 0x63, 0x04, 0x03, 0x8b, 0x61, 0x29, 0x8b, 0xd2, 0xc1, 0x10, 0xa7, 0xf2,
    0xc1, 0xba, 0xd8, 0xf2, 0xa1, 0x8d, 0xe6, 0xf2, 0x73, 0xf4, 0x7e, 0xd3, 0xf9, 0xf3, 0x01, 0xb2,
    0x3a, 0x4e, 0x80, 0xd2, 0x79, 0x55, 0x95, 0xf2, 0x73, 0x7e, 0xc1, 0x9b, 0x37, 0x40, 0x9d, 0x52,
    0x38, 0x80, 0x9d, 0x52, 0x13, 0x1c, 0x53, 0x8b, 0x0d, 0x00, 0x00, 0x14, 0x63, 0x7c, 0x1a, 0x9b,
    0x50, 0x08, 0xf0, 0x1a, 0xe2, 0x03, 0x16, 0x2a, 0xe0, 0x03, 0x14, 0xaa, 0x63, 0x7c, 0xd9, 0x9b,
    0x63, 0xfc, 0x43, 0xd3, 0x76, 0x06, 0x00, 0x94, 0x01, 0x54, 0x00, 0x12, 0x3f, 0x00, 0x17, 0x6b,
    0xe0, 0x01, 0x00, 0x54, 0x3f, 0x00, 0x18, 0x6b, 0xa1, 0x01, 0x00, 0x54, 0x23, 0x6c, 0x00, 0xb0,
    0x02, 0x03, 0xcb, 0x7f, 0x00, 0x00, 0xf1, 0x2c, 0xfe, 0xff, 0x54, 0x3c, 0x00, 0x00, 0xa4, 0x02,
    0x04, 0x40, 0x00, 0x17, 0x68, 0x38, 0x00, 0x26, 0x61, 0xfe, 0x68, 0x03, 0x00, 0x50, 0x01, 0x02,
    0x14, 0x03, 0x11, 0xc5, 0x60, 0x03, 0x40, 0x33, 0x80, 0x9d, 0x52, 0x10, 0x07, 0x03, 0x40, 0x00,
    0x14, 0x92, 0x40, 0x00, 0x15, 0x58, 0x40, 0x00, 0x33, 0x13, 0x6b, 0x20, 0xec, 0x0b, 0x08, 0x38,
    0x00, 0x06, 0x20, 0x01, 0x10, 0xbe, 0x88, 0x02, 0x45, 0xb0, 0x00, 0x40, 0x14, 0xb4, 0x04, 0x40,
    0x3b, 0x07, 0x00, 0x94, 0x24, 0x12, 0xa2, 0x60, 0xa2, 0x15, 0x91, 0x01, 0x04, 0x40, 0xb9, 0xc1,
    0x01, 0x60, 0x18, 0x44, 0x74, 0xa2, 0x15, 0x91, 0x20, 0x14, 0xf4, 0x07, 0x60, 0x6a, 0x45, 0xb9,
    0x51, 0x06, 0x00, 0x94, 0x80, 0x06, 0x40, 0xb9, 0xa0, 0x02, 0x00, 0x35, 0x73, 0xa2, 0x15, 0x91,
    0x7f, 0x7e, 0x28, 0x05, 0x02, 0xec, 0x01, 0x62, 0x01, 0x08, 0x40, 0xb9, 0x41, 0xff, 0x50, 0x17,
    0x00, 0x3c, 0x00, 0x0f, 0x54, 0x17, 0x09, 0x00, 0x50, 0x00, 0x14, 0x3d, 0x50, 0x00, 0x30, 0xfd,
    0xff, 0x34, 0x10, 0x00, 0x00, 0x54, 0x00, 0x4c, 0x24, 0x06, 0x00, 0x94, 0x58, 0x00, 0x04, 0xbc,
    0x00, 0x00, 0x02, 0x00, 0x04, 0x40, 0x0c, 0x71, 0xe9, 0x03, 0x00, 0xaa, 0xe6, 0x03, 0x01, 0x70,
    0x0b, 0x00, 0xe4, 0x01, 0x71, 0xf6, 0x03, 0x03, 0xaa, 0x14, 0x00, 0x40, 0x64, 0x1b, 0xf2, 0x01,
    0xf7, 0x1b, 0x00, 0xf9, 0x00, 0x68, 0x45, 0xb9, 0x9f, 0x02, 0x00, 0x6b, 0x00, 0x0f, 0x00, 0x54,
    0x44, 0x04, 0x20, 0x40, 0x91, 0x98, 0x0d, 0xf0, 0x06, 0x33, 0x09, 0x40, 0xb9, 0x0a, 0x00, 0x80,
    0x52, 0x15, 0x00, 0x80, 0x12, 0x07, 0x00, 0x40, 0xb9, 0xa8, 0x01, 0x80, 0x52, 0x65, 0x2c, 0x1b,
    0x70, 0x19, 0x40, 0x79, 0x7f, 0x02, 0x00, 0x71, 0xb4, 0x1c, 0x80, 0x20, 0x01, 0x80, 0x52, 0x08,
    0x11, 0x80, 0x1a, 0x7c, 0x15, 0x90, 0xff, 0x00, 0x00, 0x71, 0xa8, 0x04, 0x00, 0xb9, 0x83, 0x38,
    0x1b, 0xf0, 0x0c, 0x00, 0x80, 0x1a, 0x20, 0x00, 0x80, 0x52, 0xa3, 0x00, 0x00, 0x79, 0xe1, 0x07,
    0x9f, 0x1a, 0xa3, 0x40, 0x00, 0x91, 0xa0, 0x04, 0x00, 0x79, 0xf3, 0x00, 0x00, 0x34, 0x18, 0x00,
    0xf1, 0x05, 0x80, 0x02, 0xa0, 0x72, 0xbf, 0x1c, 0x03, 0x29, 0xa3, 0x80, 0x00, 0x91, 0x07, 0x00,
    0x80, 0x52, 0xa0, 0x4c, 0x02, 0x29, 0x3c, 0x1b, 0xf0, 0x1e, 0x28, 0xa9, 0x72, 0x64, 0x1c, 0x01,
    0x29, 0xc7, 0xa4, 0x64, 0xd3, 0xc4, 0x8c, 0x60, 0xd3, 0x60, 0x04, 0x00, 0x29, 0x20, 0x60, 0xa0,
    0x52, 0x07, 0x18, 0x07, 0x2a, 0xe4, 0x30, 0x04, 0x2a, 0xa4, 0x18, 0x01, 0x29, 0x62, 0x10, 0x00,
    0xb9, 0x4a, 0x00, 0x00, 0x35, 0x2a, 0x01, 0x04, 0x07, 0xf3, 0x08, 0x0a, 0x2a, 0xf6, 0x05, 0x00,
    0x94, 0xe3, 0x03, 0x00, 0x2a, 0x80, 0x03, 0x00, 0x35, 0x64, 0xd0, 0x3b, 0xd5, 0x80, 0x00, 0x40,
    0xf9, 0x02, 0x4c, 0x1a, 0x52, 0xa0, 0x04, 0xf8, 0x37, 0x81, 0xcc, 0x1b, 0xd4, 0xd2, 0x02, 0x4c,
    0x22, 0x8b, 0x22, 0x00, 0x02, 0x8b, 0x42, 0x00, 0x04, 0xcb, 0x84, 0x07, 0xf1, 0x02, 0x80, 0x00,
    0x02, 0x8b, 0x93, 0x05, 0x00, 0x34, 0x02, 0x10, 0x40, 0xb9, 0x61, 0xca, 0x88, 0x52, 0x61, 0x40,
    0x1a, 0xf0, 0x13, 0x01, 0x6b, 0x81, 0x09, 0x00, 0x54, 0x01, 0x18, 0x40, 0xb9, 0xc1, 0x09, 0x00,
    0x35, 0x00, 0x20, 0x40, 0xb9, 0x40, 0x09, 0x00, 0x34, 0xd4, 0x7e, 0x00, 0x29, 0xc0, 0x0a, 0x00,
    0xb9, 0xd7, 0x1a, 0x00, 0x79, 0x58, 0x02, 0x60, 0xbf, 0x06, 0x00, 0x31, 0xe0, 0x00, 0x78, 0x0e,
    0x20, 0x15, 0x2a, 0x44, 0x14, 0x00, 0x28, 0x02, 0xc0, 0xe3, 0x4b, 0x00, 0xb9, 0x02, 0x07, 0x00,
    0x94, 0xe3, 0x4b, 0x40, 0xb9, 0x90, 0x02, 0x31, 0xe0, 0x03, 0x03, 0x04, 0x0c, 0x20, 0xf7, 0x1b,
    0x10, 0x08, 0x11, 0xc6, 0x98, 0x02, 0xff, 0x15, 0x80, 0x08, 0x40, 0xb9, 0x81, 0x30, 0x00, 0x91,
    0x85, 0x50, 0x00, 0x91, 0x1f, 0x00, 0x40, 0xf2, 0xa5, 0x10, 0x81, 0x9a, 0x01, 0x10, 0x41, 0xd3,
    0xa1, 0x08, 0x01, 0x8b, 0x00, 0x20, 0x45, 0xd3, 0x00, 0xf4, 0x7e, 0xd3, 0xac, 0x00, 0x05, 0xf0,
    0x13, 0xd3, 0xfa, 0xff, 0x35, 0x84, 0x68, 0x62, 0xb8, 0x62, 0xca, 0x88, 0x52, 0x62, 0xe8, 0xa9,
    0x72, 0x9f, 0x00, 0x02, 0x6b, 0x21, 0x04, 0x00, 0x54, 0x00, 0x08, 0x40, 0xb9, 0xa0, 0x04, 0x00,
    0x35, 0x20, 0x00, 0x14, 0x01, 0x60, 0x00, 0x34, 0xc0, 0x02, 0x00, 0xb9, 0x2c, 0x0b, 0x00, 0xac,
    0x00, 0x80, 0xc0, 0x42, 0x00, 0xf8, 0xd5, 0xff, 0xff, 0x17, 0xb8, 0x02, 0x00, 0x78, 0x1e, 0x40,
    0xe1, 0x27, 0x00, 0xf9, 0xb4, 0x05, 0xe1, 0xe2, 0x13, 0x0a, 0x29, 0xe9, 0x2f, 0x00, 0xf9, 0xaa,
    0x06, 0x00, 0x94, 0xe9, 0x2f, 0x84, 0x0c, 0x14, 0x2a, 0xe4, 0x01, 0x60, 0x6a, 0xda, 0x60, 0xb8,
    0xc1, 0x05, 0x50, 0x06, 0x02, 0x0c, 0x02, 0x00, 0x00, 0x02, 0xc0, 0x20, 0x19, 0x40, 0x79, 0xe6,
    0x27, 0x40, 0xf9, 0xe2, 0x13, 0x4a, 0x29, 0xfc, 0x01, 0xf1, 0x12, 0x34, 0x01, 0x40, 0xb9, 0x33,
    0x09, 0x40, 0xb9, 0x81, 0xff, 0xff, 0x17, 0x23, 0xeb, 0x8b, 0x52, 0xbc, 0xff, 0xff, 0x17, 0xdf,
    0x7e, 0x00, 0xa9, 0xba, 0xff, 0xff, 0x17, 0xe3, 0x03, 0x01, 0x2a, 0xb8, 0x08, 0x00, 0x33, 0x00,
    0x2a, 0xb6, 0x88, 0x08, 0x00, 0x80, 0x08, 0x40, 0x41, 0x00, 0x00, 0xb0, 0x94, 0x06, 0x40, 0x21,
    0x68, 0x45, 0xb9, 0x78, 0x04, 0x00, 0x1c, 0x0a, 0x00, 0x64, 0x09, 0xf0, 0x01, 0x3f, 0x00, 0x00,
    0x6b, 0x00, 0x04, 0x00, 0x54, 0x61, 0x06, 0x40, 0xb9, 0x61, 0x01, 0x00, 0x34, 0x58, 0x22, 0xc0,
    0x61, 0xd0, 0x3b, 0xd5, 0x22, 0x00, 0x00, 0xf9, 0x7e, 0x05, 0x00, 0x94, 0x48, 0x20, 0x46, 0x40,
    0x02, 0x00, 0x35, 0xf0, 0x02, 0x02, 0x10, 0x06, 0x10, 0x62, 0x50, 0x20, 0x40, 0xff, 0xff, 0x34,
    0x83, 0xd8, 0x21, 0x30, 0x01, 0xc0, 0xf2, 0x34, 0x00, 0xf3, 0x06, 0x23, 0x00, 0x00, 0xf9, 0x43,
    0x00, 0x80, 0x52, 0x3f, 0x7c, 0x01, 0xa9, 0x23, 0x40, 0x00, 0x39, 0x22, 0x14, 0x00, 0xb9, 0x6d,
    0x44, 0x00, 0xa8, 0x00, 0xfe, 0xff, 0x34, 0x60, 0x02, 0x40, 0xb9, 0x55, 0x05, 0x3c, 0x03, 0x02,
    0x4c, 0x00, 0x80, 0x54, 0x00, 0x00, 0xb0, 0x94, 0x42, 0x14, 0x91, 0xa4, 0x04, 0x22, 0x65, 0x06,
    0x84, 0x09, 0x00, 0x58, 0x00, 0xd3, 0x60, 0x0a, 0x40, 0xb9, 0x03, 0x01, 0xc0, 0xf2, 0x62, 0xd0,
    0x3b, 0xd5, 0x43, 0x5c, 0x00, 0xf0, 0x0b, 0x5f, 0x7c, 0x01, 0xa9, 0x43, 0x40, 0x00, 0x39, 0x40,
    0x14, 0x00, 0xb9, 0x80, 0xda, 0x61, 0xb8, 0xe1, 0x2f, 0x00, 0xb9, 0x54, 0x05, 0x00, 0x94, 0xe1,
    0x2f, 0x80, 0x01, 0x02, 0xf0, 0x05, 0x00, 0x58, 0x00, 0x28, 0x7f, 0x06, 0x60, 0x0a, 0x08, 0x70,
    0x05, 0x20, 0x01, 0x2a, 0x8c, 0x03, 0x71, 0x55, 0x00, 0x00, 0xb0, 0xb3, 0x42, 0x14, 0xfc, 0x13,
    0x40, 0xf8, 0x03, 0x00, 0xaa, 0x98, 0x01, 0x00, 0x30, 0x20, 0xd7, 0x45, 0x06, 0x00, 0x94, 0x61,
    0xda, 0x60, 0xb8, 0xf6, 0x03, 0x00, 0x2a, 0x5f, 0x88, 0x01, 0xd0, 0x44, 0x00, 0x00, 0xb0, 0x83,
    0xa0, 0x15, 0x91, 0x02, 0x00, 0x40, 0xb9, 0x80, 0xec, 0x16, 0xf1, 0x1a, 0xd0, 0x3b, 0xd5, 0x79,
    0x18, 0x40, 0x79, 0x65, 0x08, 0x40, 0xb9, 0xc3, 0x00, 0x80, 0x52, 0x5f, 0x00, 0x00, 0x71, 0x00,
    0x00, 0x83, 0x1a, 0x97, 0x68, 0x45, 0xb9, 0x60, 0x02, 0x00, 0x79, 0x80, 0x01, 0x80, 0x52, 0x7f,
    0x06, 0x00, 0x79, 0x60, 0x06, 0x10, 0x02, 0xd0, 0x52, 0x00, 0x02, 0xa0, 0x72, 0x7f, 0x0a, 0x03,
    0x29, 0xe2, 0x07, 0x9f, 0x1a, 0xb4, 0x08, 0x26, 0x60, 0x16, 0x78, 0x03, 0xe2, 0x74, 0x7e, 0x05,
    0x29, 0x60, 0x0a, 0x04, 0x29, 0x20, 0x10, 0x97, 0x1a, 0x21, 0x05, 0xb0, 0x1f, 0x00, 0x98, 0x15,
    0x26, 0x60, 0x02, 0x1c, 0x1f, 0x70, 0x00, 0x04, 0xf8, 0x37, 0x62, 0x22, 0x00, 0x40, 0x16, 0x10,
    0xd2, 0xbc, 0x06, 0x00, 0x34, 0x0f, 0x40, 0x00, 0x4c, 0x23, 0x8b, 0xc4, 0x0a, 0x41, 0x42, 0x00,
    0x13, 0xcb, 0xc4, 0x03, 0x34, 0xe8, 0xa9, 0x72, 0x60, 0x03, 0x00, 0x48, 0x19, 0x62, 0x73, 0x02,
    0x02, 0x8b, 0x61, 0x12, 0xe4, 0x01, 0xa2, 0xc1, 0x00, 0x00, 0x54, 0x74, 0x1a, 0x40, 0xb9, 0x94,
    0x00, 0xe4, 0x1c, 0xf1, 0x0c, 0xc0, 0x02, 0x00, 0x35, 0x1f, 0x7f, 0x00, 0xa9, 0xe1, 0x03, 0x16,
    0x2a, 0xa0, 0x42, 0x14, 0x91, 0x33, 0x06, 0x00, 0x94, 0xf9, 0x23, 0x40, 0xf9, 0xe0, 0x03, 0x14,
    0x00, 0x0f, 0x40, 0xf5, 0x5b, 0x42, 0xa9, 0xfc, 0x08, 0x04, 0xd4, 0x05, 0x00, 0x40, 0x22, 0x60,
    0x60, 0x32, 0x00, 0x91, 0x62, 0x52, 0xd8, 0x0f, 0xb3, 0x40, 0xf2, 0x42, 0x10, 0x80, 0x9a, 0x20,
    0x10, 0x41, 0xd3, 0x21, 0x38, 0x03, 0xf7, 0x06, 0x21, 0xf4, 0x7e, 0xd3, 0xdb, 0xff, 0xff, 0x17,
    0x17, 0x7f, 0x00, 0x29, 0x00, 0x0b, 0x00, 0xb9, 0x19, 0x1b, 0x00, 0x79, 0xe9, 0x80, 0x02, 0x00,
    0x7c, 0x02, 0x00, 0x78, 0x02, 0x05, 0x7c, 0x01, 0x10, 0x22, 0xf0, 0x01, 0x60, 0x13, 0xaa, 0x09,
    0x05, 0x00, 0x94, 0x7c, 0x02, 0xf0, 0x00, 0x22, 0x04, 0x00, 0x11, 0x62, 0x06, 0x00, 0xb9, 0x21,
    0x01, 0x00, 0x34, 0xa0, 0x22, 0x14, 0x54, 0x0d, 0x81, 0x52, 0x36, 0x05, 0x00, 0x94, 0xe0, 0x03,
    0x13, 0xc8, 0x03, 0x00, 0xd4, 0x03, 0x00, 0xd8, 0x01, 0x00, 0xb0, 0x07, 0x00, 0xc4, 0x17, 0xf0,
    0x05, 0xd4, 0xa2, 0x15, 0x91, 0xc1, 0x6c, 0x8e, 0xd2, 0x01, 0xae, 0xa5, 0xf2, 0x61, 0x4e, 0xce,
    0xf2, 0xc1, 0x0e, 0xe0, 0xf2, 0x00, 0x02, 0x22, 0x99, 0x03, 0xa8, 0x1f, 0xf2, 0x23, 0xa0, 0x0e,
    0x00, 0x35, 0x80, 0x06, 0x40, 0x29, 0xa1, 0x04, 0x00, 0x35, 0xa1, 0x00, 0x80, 0xd2, 0x82, 0x00,
    0x80, 0xd2, 0x21, 0x01, 0xc0, 0xf2, 0x74, 0xd0, 0x3b, 0xd5, 0x81, 0x02, 0x00, 0xf9, 0x61, 0xca,
    0x88, 0xd2, 0x61, 0x28, 0xa9, 0xf2, 0x9f, 0x22, 0x00, 0xb9, 0x81, 0x0a, 0x01, 0xa9, 0xc3, 0x04,
    0x38, 0x00, 0xf3, 0x06, 0xe0, 0x0c, 0x00, 0x35, 0x81, 0x02, 0x40, 0xf9, 0x20, 0x4c, 0x10, 0x53,
    0x21, 0xfc, 0x60, 0xd3, 0x61, 0x0f, 0xf8, 0x37, 0x82, 0x78, 0x01, 0x24, 0x20, 0x4c, 0x8c, 0x20,
    0x15, 0x14, 0x8c, 0x20, 0x84, 0x81, 0x6a, 0x60, 0xb8, 0x83, 0x02, 0x00, 0x8b, 0x80, 0x01, 0x00,
    0x50, 0x03, 0xf0, 0x05, 0x81, 0x0d, 0x00, 0x54, 0x73, 0x08, 0x40, 0xb9, 0x93, 0x0a, 0x00, 0x35,
    0x40, 0x00, 0x40, 0xb9, 0xc1, 0xa2, 0x15, 0x91, 0xd4, 0x0c, 0x40, 0x20, 0x08, 0x00, 0x29, 0xc0,
    0x04, 0x00, 0x90, 0x00, 0x00, 0x28, 0x1a, 0x0c, 0x8c, 0x00, 0x53, 0x81, 0x7e, 0x01, 0xa9, 0xa1,
    0x88, 0x00, 0x94, 0xa0, 0x08, 0x00, 0x35, 0x80, 0x02, 0x40, 0xf9, 0x01, 0x50, 0x05, 0xe1, 0x09,
    0xf8, 0x37, 0x80, 0x22, 0x00, 0x91, 0x02, 0x00, 0x80, 0xd2, 0x41, 0x4c, 0x21, 0x00, 0x0b, 0x08,
    0x88, 0x00, 0x57, 0x82, 0x6a, 0x60, 0xb8, 0x81, 0x88, 0x00, 0x62, 0x5f, 0x00, 0x00, 0x6b, 0x41,
    0x09, 0x50, 0x20, 0xc0, 0x53, 0x06, 0x00, 0x35, 0x21, 0x10, 0x40, 0xb9, 0xc0, 0xa2, 0x15, 0x91,
    0x08, 0x01, 0x71, 0xc2, 0x01, 0xc0, 0xf2, 0x02, 0x00, 0xf0, 0x0c, 0x01, 0xc0, 0x01, 0x08, 0x00,
    0xb9, 0xc0, 0x6a, 0x45, 0xb9, 0x82, 0x02, 0x00, 0xf9, 0xa4, 0x00, 0xc5, 0x82, 0x0a, 0x00, 0xb9,
    0x42, 0x00, 0x46, 0x11, 0x82, 0x06, 0x04, 0x29, 0x24, 0x01, 0xc4, 0x86, 0x02, 0xa9, 0x21, 0x00,
    0x80, 0xd2, 0x81, 0xfe, 0x03, 0xa9, 0x79, 0xa0, 0x00, 0x1a, 0x03, 0xa0, 0x00, 0x2f, 0x60, 0x07,
    0xa0, 0x00, 0x0b, 0x17, 0x94, 0x9c, 0x00, 0x13, 0x81, 0x94, 0x02, 0x00, 0x80, 0x0a, 0x60, 0x93,
    0x1a, 0x40, 0xb9, 0x53, 0x01, 0x40, 0x05, 0xa0, 0x00, 0xd0, 0x00, 0xb8, 0x40, 0xf9, 0xc1, 0x6a,
    0x45, 0xb9, 0x64, 0x03, 0x04, 0xd8, 0x05, 0x13, 0xd9, 0x70, 0x00, 0xd0, 0x60, 0xef, 0xff, 0x34,
    0xfa, 0xfd, 0xff, 0x97, 0xa1, 0x22, 0x14, 0x91, 0x20, 0xa8, 0x1e, 0x70, 0x04, 0x00, 0x51, 0x20,
    0x04, 0x00, 0xb9, 0x2c, 0x02, 0x2f, 0xac, 0x04, 0x28, 0x02, 0x03, 0xf2, 0x17, 0x83, 0x0a, 0x40,
    0xb9, 0x82, 0x32, 0x00, 0x91, 0x80, 0x52, 0x00, 0x91, 0x7f, 0x00, 0x40, 0xf2, 0x00, 0x10, 0x82,
    0x9a, 0x62, 0x10, 0x41, 0xd3, 0x63, 0x20, 0x45, 0xd3, 0x42, 0x00, 0x03, 0x8b, 0x42, 0xf4, 0x7e,
    0xd3, 0xad, 0xff, 0xc8, 0x1b, 0x00, 0xac, 0x02, 0x13, 0x81, 0x30, 0x00, 0x13, 0x83, 0xe4, 0x02,
    0x53, 0x63, 0x10, 0x82, 0x9a, 0x22, 0xe4, 0x02, 0x40, 0x62, 0x08, 0x02, 0x8b, 0xe4, 0x02, 0x4f,
    0x7f, 0xff, 0xff, 0x17, 0x58, 0x00, 0x11, 0x13, 0xbf, 0xfc, 0x02, 0x00, 0x02, 0x00, 0x57, 0x41,
    0x02, 0x80, 0x52, 0xdf, 0x94, 0x0d, 0x57, 0x01, 0x19, 0x80, 0x52, 0xdb, 0x10, 0x00, 0x62, 0x04,
    0x01, 0x80, 0x52, 0xf3, 0xfd, 0x7c, 0x10, 0x00, 0x02, 0x00, 0x17, 0x94, 0x1c, 0x00, 0x00, 0x02,
    0x00, 0x31, 0xfd, 0x7b, 0xb9, 0x30, 0x0a, 0x31, 0xe8, 0x03, 0x00, 0x4c, 0x08, 0x80, 0xe4, 0x7f,
    0x0b, 0x29, 0xe1, 0x0f, 0x06, 0xa9, 0x60, 0x1e, 0x00, 0x28, 0x01, 0x80, 0xf5, 0x13, 0x00, 0xf9,
    0xf5, 0x03, 0x05, 0xaa, 0x50, 0x08, 0x00, 0x80, 0x02, 0x66, 0xe0, 0x0c, 0x00, 0x54, 0x30, 0x04,
    0x44, 0x06, 0x40, 0x13, 0x09, 0x40, 0xb9, 0xec, 0x07, 0x40, 0x14, 0x00, 0x80, 0x12, 0xf4, 0x05,
    0x00, 0x90, 0x00, 0x40, 0xc5, 0x01, 0x80, 0x52, 0xb4, 0x07, 0x00, 0x50, 0x08, 0x90, 0x21, 0x10,
    0x85, 0x1a, 0x1f, 0x00, 0x00, 0x71, 0xc6, 0x70, 0x0c, 0xf0, 0x10, 0x04, 0x00, 0xb9, 0x85, 0x00,
    0x80, 0x52, 0xa5, 0x00, 0x86, 0x1a, 0x85, 0x00, 0x00, 0x79, 0x05, 0x20, 0x80, 0x52, 0x86, 0x80,
    0x00, 0x91, 0x85, 0x04, 0x00, 0x79, 0xe5, 0x07, 0x9f, 0x1a, 0x48, 0x08, 0x00, 0x68, 0x0c, 0xd0,
    0x01, 0x05, 0xa0, 0x72, 0x9f, 0x00, 0x05, 0x29, 0x86, 0xc0, 0x00, 0x91, 0x00, 0x38, 0x00, 0x11,
    0x4c, 0x30, 0x02, 0xf0, 0x31, 0x52, 0x61, 0x28, 0xa9, 0x72, 0xdf, 0x00, 0x01, 0x29, 0xc1, 0x14,
    0x00, 0x29, 0x45, 0xe4, 0x64, 0xd3, 0xa5, 0x74, 0x1e, 0x53, 0x83, 0x08, 0x01, 0x29, 0x63, 0x8c,
    0x60, 0xd3, 0xa5, 0x00, 0x00, 0x32, 0xe0, 0x87, 0x45, 0xa9, 0x42, 0xfc, 0x60, 0xd3, 0xa3, 0x60,
    0x03, 0x2a, 0x62, 0x70, 0x02, 0x2a, 0x82, 0x10, 0x00, 0xb9, 0xc0, 0x04, 0x01, 0xa9, 0xe0, 0x37,
    0x40, 0xf9, 0xc0, 0x10, 0x00, 0xbc, 0x19, 0x21, 0x35, 0x07, 0x60, 0x08, 0x73, 0x07, 0x2a, 0xde,
    0x03, 0x00, 0x94, 0xe2, 0x60, 0x08, 0x66, 0x63, 0xd0, 0x3b, 0xd5, 0x60, 0x00, 0x10, 0x03, 0x10,
    0x80, 0x10, 0x05, 0x03, 0x60, 0x08, 0x31, 0x00, 0x4c, 0x21, 0x08, 0x05, 0x00, 0xcc, 0x00, 0x35,
    0x42, 0x00, 0x03, 0x64, 0x08, 0x40, 0x63, 0x00, 0x02, 0x8b, 0x10, 0x1d, 0x80, 0x60, 0x40, 0x00,
    0x91, 0x03, 0x10, 0x83, 0x9a, 0xc4, 0x10, 0x08, 0xa8, 0x03, 0x00, 0x14, 0x05, 0xf5, 0x06, 0x62,
    0x08, 0x40, 0xb9, 0x82, 0x00, 0x00, 0x35, 0x75, 0x00, 0x00, 0xb4, 0x60, 0x08, 0x40, 0xf9, 0xa0,
    0x02, 0x00, 0xf9, 0x9f, 0x60, 0x08, 0x15, 0x14, 0x60, 0x08, 0xa4, 0xe2, 0x3b, 0x00, 0xb9, 0xea,
    0x04, 0x00, 0x94, 0xe2, 0x3b, 0x60, 0x08, 0x40, 0x02, 0x2a, 0xf5, 0x13, 0x5c, 0x08, 0x11, 0xc7,
    0x5c, 0x08, 0xd3, 0x64, 0x08, 0x40, 0xb9, 0x60, 0x30, 0x00, 0x91, 0x62, 0x50, 0x00, 0x91, 0x9f,
    0x20, 0x05, 0x50, 0x80, 0x10, 0x41, 0xd3, 0x84, 0x20, 0x05, 0x30, 0x00, 0x04, 0x8b, 0x5c, 0x08,
    0x17, 0xd6, 0x0c, 0x08, 0x40, 0xe2, 0x8f, 0x03, 0xa9, 0x00, 0x05, 0xf0, 0x01, 0xe8, 0x27, 0x00,
    0xf9, 0xa8, 0x04, 0x00, 0x94, 0xe8, 0x27, 0x40, 0xf9, 0xf4, 0x03, 0x00, 0x2a, 0x9c, 0x01, 0x40,
    0xe2, 0x8f, 0x43, 0xa9, 0x9c, 0x01, 0x66, 0x67, 0xda, 0x60, 0xb8, 0xbe, 0x03, 0xc8, 0x01, 0x00,
    0xbc, 0x01, 0x00, 0xcc, 0x01, 0x17, 0x95, 0x5c, 0x02, 0x00, 0x02, 0x00, 0x1d, 0x08, 0x30, 0x02,
    0x11, 0xbc, 0x30, 0x02, 0x10, 0xea, 0xdc, 0x14, 0x03, 0x80, 0x0a, 0x04, 0x2c, 0x02, 0x05, 0x24,
    0x02, 0x47, 0x0b, 0x00, 0x54, 0xa7, 0x5c, 0x00, 0x57, 0x53, 0x09, 0x40, 0xb9, 0x09, 0x24, 0x02,
    0x5f, 0x01, 0x02, 0x80, 0x52, 0x85, 0x24, 0x02, 0x2d, 0x1f, 0x04, 0x24, 0x02, 0x0b, 0x4c, 0x68,
    0x8c, 0x60, 0xd3, 0x28, 0x02, 0x00, 0x1c, 0x02, 0x00, 0x28, 0x02, 0x53, 0xa5, 0x60, 0x08, 0x2a,
    0xa2, 0x20, 0x02, 0x91, 0xc7, 0x0c, 0x01, 0xa9, 0x49, 0x00, 0x00, 0x35, 0x49, 0x18, 0x02, 0x33,
    0x09, 0x2a, 0x58, 0x18, 0x02, 0x1f, 0x00, 0x18, 0x02, 0x00, 0x2f, 0xe0, 0x03, 0x18, 0x02, 0x2f,
    0x13, 0x41, 0x18, 0x02, 0x0f, 0x08, 0x02, 0x02, 0x40, 0x23, 0x00, 0xb9, 0x68, 0x08, 0x02, 0x16,
    0x23, 0x08, 0x02, 0x3f, 0xfd, 0x7b, 0xc4, 0x04, 0x02, 0x16, 0x00, 0x24, 0x07, 0x04, 0x88, 0x28,
    0x31, 0xe7, 0x0b, 0x02, 0x04, 0x02, 0xc0, 0xe3, 0x2b, 0x03, 0xa9, 0x27, 0x04, 0x00, 0x94, 0xe3,
    0x2b, 0x43, 0xa9, 0x04, 0x02, 0x00, 0x7c, 0x01, 0x00, 0x00, 0x02, 0x97, 0xe7, 0x0b, 0x42, 0xa9,
    0x69, 0xda, 0x60, 0xb8, 0x3d, 0xa8, 0x01, 0x00, 0x04, 0x02, 0x00, 0xac, 0x01, 0x17, 0x9d, 0x04,
    0x02, 0x17, 0x88, 0x3c, 0x04, 0x00, 0x02, 0x00, 0x00, 0x40, 0x0d, 0x00, 0x70, 0x07, 0x00, 0xec,
    0x05, 0x40, 0x02, 0x81, 0xc1, 0xf2, 0x80, 0x10, 0x10, 0x73, 0x40, 0x03, 0xf0, 0x14, 0x2a, 0x00,
    0xb9, 0x00, 0xfc, 0x60, 0xd3, 0x62, 0x02, 0x00, 0xf9, 0x62, 0xca, 0x88, 0xd2, 0x62, 0x28, 0xa9,
    0xf2, 0x60, 0x5a, 0x00, 0x79, 0x00, 0x20, 0x80, 0x52, 0x62, 0x0a, 0x00, 0xf9, 0x60, 0x5e, 0x00,
    0x79, 0x50, 0x04, 0xe2, 0x61, 0x7e, 0x03, 0x29, 0x00, 0x80, 0x45, 0xb9, 0xfe, 0x02, 0x00, 0x94,
    0x80, 0x02, 0x88, 0x08, 0x04, 0x88, 0x06, 0x5d, 0x60, 0x02, 0xf8, 0x37, 0x60, 0x88, 0x06, 0x24,
    0x13, 0xcb, 0xc4, 0x0b, 0x04, 0xa4, 0x27, 0xc0, 0x62, 0x6a, 0x60, 0xb8, 0x63, 0x02, 0x00, 0x8b,
    0x20, 0xeb, 0x8b, 0x52, 0xd8, 0x0b, 0x00, 0x54, 0x01, 0x42, 0x60, 0x08, 0x40, 0xb9, 0x68, 0x1e,
    0x02, 0x8c, 0x0d, 0x10, 0x63, 0x44, 0x0a, 0x4f, 0x32, 0x00, 0x91, 0x60, 0xa0, 0x05, 0x08, 0x40,
    0xe7, 0xff, 0xff, 0x17, 0xbc, 0x0a, 0x71, 0x22, 0x00, 0x16, 0x91, 0x40, 0x04, 0x40, 0x84, 0x1a,
    0x80, 0x21, 0x00, 0x16, 0x91, 0x3f, 0x7c, 0x00, 0xa9, 0x0c, 0x08, 0x11, 0x43, 0xc8, 0x0f, 0x02,
    0xf0, 0x00, 0xf1, 0x07, 0x60, 0xd0, 0x3b, 0xd5, 0x03, 0x00, 0x00, 0xf9, 0x20, 0x80, 0x45, 0xb9,
    0xe2, 0x0f, 0x00, 0xf9, 0xce, 0x02, 0x00, 0x94, 0xe2, 0x0f, 0xac, 0x14, 0x10, 0xb0, 0x3c, 0x00,
    0x17, 0xa0, 0x3c, 0x00, 0x04, 0x84, 0x00, 0x00, 0x2c, 0x00, 0x23, 0xb0, 0x02, 0x94, 0x25, 0x03,
    0x58, 0x00, 0x04, 0x1c, 0x00, 0x00, 0x4c, 0x01, 0x00, 0x02, 0x00, 0x00, 0x40, 0x0b, 0x00, 0x50,
    0x01, 0x00, 0xc0, 0x08, 0x40, 0x14, 0x00, 0x80, 0x52, 0x70, 0x05, 0x01, 0x40, 0x0a, 0x21, 0xe2,
    0x15, 0xd0, 0x11, 0x22, 0xd8, 0x02, 0x28, 0x0b, 0x90, 0x01, 0x04, 0x00, 0x11, 0x61, 0x06, 0x00,
    0xb9, 0x00, 0xc4, 0x08, 0x52, 0xe2, 0x15, 0x91, 0x06, 0x03, 0xb4, 0x19, 0x04, 0x54, 0x09, 0x04,
    0xc0, 0x08, 0xf1, 0x01, 0x61, 0xae, 0x8c, 0xd2, 0x81, 0x4e, 0xa7, 0xf2, 0x61, 0x2e, 0xcf, 0xf2,
    0x61, 0x0e, 0xe0, 0xf2, 0x10, 0x2c, 0x52, 0x00, 0x16, 0x91, 0x6a, 0x01, 0xfc, 0x09, 0x80, 0x20,
    0xfe, 0xff, 0x34, 0xc3, 0xff, 0xff, 0x97, 0x7c, 0x0b, 0x40, 0x00, 0x04, 0x00, 0x51, 0x44, 0x0a,
    0x6f, 0xa0, 0xe2, 0x15, 0x91, 0xf2, 0x02, 0x50, 0x00, 0x03, 0x05, 0xa0, 0x00, 0x02, 0x68, 0x12,
    0x20, 0x90, 0x60, 0x98, 0x00, 0xb0, 0x17, 0x00, 0xf9, 0xb2, 0x02, 0x00, 0x94, 0xe0, 0x17, 0x40,
    0xf9, 0x30, 0x0f, 0x10, 0xa1, 0xb0, 0x27, 0xc0, 0x04, 0x00, 0x51, 0x01, 0x04, 0x00, 0xb9, 0x41,
    0x00, 0x00, 0x35, 0xab, 0x60, 0x00, 0x32, 0xe2, 0x15, 0x91, 0x90, 0x01, 0x48, 0xc3, 0xa8, 0xdb,
    0x02, 0x30, 0x0b, 0x02, 0x50, 0x01, 0x00, 0x38, 0x02, 0x00, 0x28, 0x0c, 0x80, 0x38, 0x02, 0x00,
    0x94, 0xa1, 0xff, 0xbf, 0x12, 0x40, 0x12, 0x40, 0xc9, 0x00, 0x00, 0x54, 0xb8, 0x04, 0x00, 0x38,
    0x00, 0x11, 0x81, 0xf8, 0x2c, 0x30, 0xc2, 0xa8, 0x64, 0x10, 0x20, 0x03, 0x14, 0x00, 0x00, 0x7c,
    0x2d, 0x00, 0x14, 0x00, 0x17, 0x5f, 0xa0, 0x02, 0x00, 0x50, 0x00, 0x00, 0xcc, 0x23, 0x00, 0x44,
    0x01, 0x76, 0x41, 0x01, 0xc0, 0xf2, 0x01, 0x00, 0xf0, 0x94, 0x02, 0x20, 0x7e, 0x05, 0x94, 0x22,
    0x70, 0x90, 0x00, 0x20, 0x47, 0xb9, 0x61, 0x02, 0x90, 0x16, 0x90, 0x80, 0x52, 0x7f, 0x1a, 0x00,
    0xf9, 0x61, 0x0a, 0x00, 0x18, 0x0e, 0xaf, 0xd2, 0x61, 0x28, 0xa9, 0xf2, 0x61, 0x12, 0x00, 0xf9,
    0x5b, 0x8c, 0x02, 0x74, 0x00, 0x10, 0x02, 0x00, 0x80, 0x20, 0x36, 0x22, 0x80, 0x1c, 0x90, 0x02,
    0x2f, 0x80, 0x1c, 0x90, 0x02, 0x0b, 0x21, 0x20, 0x47, 0x90, 0x02, 0x16, 0x2a, 0x90, 0x02, 0x15,
    0x90, 0x90, 0x02, 0x03, 0x3c, 0x00, 0x00, 0x34, 0x01, 0x00, 0xd0, 0x02, 0x52, 0x20, 0x20, 0x47,
    0xb9, 0x0c, 0x90, 0x02, 0x1c, 0x90, 0x1c, 0x00, 0x00, 0x7c, 0x00, 0x00, 0x02, 0x00, 0xf0, 0x22,
    0x45, 0x00, 0x00, 0x90, 0xa2, 0xcc, 0x42, 0xf9, 0x5f, 0x80, 0x00, 0xf1, 0x60, 0x01, 0x00, 0x54,
    0x43, 0x04, 0x02, 0x8b, 0x44, 0x00, 0x00, 0x90, 0x84, 0x80, 0x16, 0x91, 0x42, 0x04, 0x00, 0x91,
    0x63, 0xf4, 0x7e, 0xd3, 0x86, 0x00, 0x03, 0x8b, 0xa2, 0xcc, 0x02, 0xf9, 0x80, 0x68, 0x23, 0xf8,
    0xc1, 0xe4, 0x09, 0x01, 0x28, 0x02, 0x60, 0xbf, 0xa9, 0x20, 0x2b, 0x84, 0x52, 0x88, 0x01, 0x20,
    0x17, 0x01, 0x58, 0x06, 0x02, 0x02, 0x00, 0x00, 0xd0, 0x00, 0x81, 0x24, 0xcc, 0x42, 0xf9, 0x24,
    0x02, 0x00, 0xb4, 0x5c, 0x00, 0x21, 0x80, 0x16, 0x68, 0x0c, 0xa0, 0x05, 0x00, 0x00, 0x14, 0x21,
    0x04, 0x00, 0x91, 0x42, 0x30, 0xf4, 0x0b, 0x30, 0x04, 0xeb, 0x20, 0x6c, 0x00, 0x10, 0x00, 0x98,
    0x22, 0xf1, 0x06, 0x03, 0xeb, 0x41, 0xff, 0xff, 0x54, 0x21, 0x04, 0x01, 0x8b, 0xa5, 0x80, 0x16,
    0x91, 0xa1, 0x08, 0x01, 0x8b, 0x20, 0x08, 0x40, 0x64, 0x00, 0x00, 0x0c, 0x08, 0x00, 0xc8, 0x00,
    0x02, 0x5a, 0x00, 0x02, 0x02, 0x00, 0x08, 0x80, 0x0d, 0x00, 0x00, 0x0c, 0x71, 0x56, 0x00, 0x00,
    0x90, 0xd3, 0x42, 0x16, 0x3c, 0x03, 0x1b, 0x09, 0x3c, 0x03, 0x72, 0x20, 0x01, 0x00, 0x34, 0xc0,
    0x42, 0x16, 0x00, 0x0c, 0x00, 0xc0, 0x02, 0x09, 0x00, 0x0c, 0x02, 0x8c, 0x0c, 0xf2, 0x03, 0x14,
    0x00, 0x00, 0xf0, 0x94, 0x62, 0x03, 0x91, 0xe1, 0x03, 0x14, 0xaa, 0xe0, 0x33, 0x01, 0x91, 0xcf,
    0x01, 0xf4, 0x0b, 0xf0, 0x0b, 0x15, 0x54, 0x00, 0x12, 0x20, 0x40, 0x9e, 0x52, 0xbf, 0x02, 0x00,
    0x6b, 0x61, 0x01, 0x00, 0x54, 0x00, 0x10, 0x9e, 0xd2, 0x40, 0x5f, 0xa0, 0xf2, 0xb6, 0x01, 0x54,
    0x0e, 0x02, 0x2c, 0x00, 0x13, 0xc4, 0x2c, 0x00, 0x02, 0x3c, 0x30, 0xf9, 0x02, 0x15, 0x6b, 0xe0,
    0xfe, 0xff, 0x54, 0xb3, 0x01, 0x00, 0x34, 0x8b, 0xff, 0xff, 0x97, 0xc1, 0x42, 0x16, 0x5c, 0x0a,
    0x00, 0x88, 0x00, 0x1f, 0x15, 0x84, 0x00, 0x04, 0xb0, 0xe0, 0x4f, 0x40, 0xb9, 0x54, 0x00, 0x00,
    0x90, 0x81, 0x82, 0x1c, 0xdc, 0x0b, 0xe3, 0xd2, 0x3f, 0x18, 0x00, 0x79, 0x22, 0x40, 0x00, 0xf8,
    0xa1, 0x00, 0x80, 0xd2, 0x62, 0xb8, 0x26, 0x40, 0x80, 0x22, 0x07, 0xb9, 0x78, 0x05, 0x00, 0xd8,
    0x02, 0x04, 0x4c, 0x0b, 0x9b, 0x61, 0x0a, 0x01, 0xa9, 0xa8, 0x01, 0x00, 0x94, 0xe0, 0x58, 0x05,
    0x2f, 0x00, 0x03, 0x58, 0x05, 0x03, 0x08, 0x50, 0x05, 0x17, 0x61, 0x68, 0x0c, 0x00, 0xe0, 0x0b,
    0x00, 0xc0, 0x08, 0x00, 0x78, 0x01, 0x00, 0x98, 0x1f, 0xc0, 0x20, 0x20, 0x40, 0x79, 0x94, 0x82,
    0x1c, 0x91, 0x80, 0x1a, 0x00, 0x79, 0x84, 0x01, 0xff, 0x01, 0x23, 0xff, 0xff, 0x97, 0xf3, 0x03,
    0x00, 0x2a, 0xa0, 0xf5, 0xff, 0x34, 0xc9, 0xff, 0xff, 0x17, 0x6c, 0x05, 0x11, 0x13, 0xe2, 0xb4,
    0x03, 0x0d, 0x50, 0x04, 0x00, 0xac, 0x01, 0x40, 0x17, 0x00, 0xf9, 0x9e, 0xb8, 0x00, 0x0f, 0x50,
    0x04, 0x04, 0x10, 0x3b, 0x50, 0x04, 0x25, 0x42, 0x16, 0x50, 0x04, 0x2e, 0xc7, 0x01, 0x50, 0x04,
    0x22, 0x22, 0x00, 0x98, 0x1a, 0x00, 0xb4, 0x15, 0x80, 0x80, 0x00, 0x80, 0xd2, 0x40, 0x01, 0xc0,
    0xf2, 0x20, 0x01, 0x01, 0x40, 0x2e, 0x03, 0x70, 0x2d, 0x00, 0xec, 0x03, 0x30, 0x60, 0x0a, 0x01,
    0x00, 0x14, 0x01, 0x14, 0x04, 0x10, 0x5d, 0x74, 0x00, 0x0b, 0x2c, 0x01, 0x22, 0xc0, 0x02, 0x0c,
    0x0f, 0x00, 0x08, 0x0f, 0x71, 0x01, 0x4c, 0x21, 0x8b, 0x41, 0x00, 0x01, 0x68, 0x06, 0xf4, 0x05,
    0x21, 0x00, 0x13, 0xcb, 0x21, 0x3c, 0x00, 0x91, 0x21, 0xec, 0x7c, 0x92, 0x63, 0x6a, 0x61, 0xb8,
    0x64, 0x02, 0x01, 0x8b, 0x98, 0x06, 0x50, 0x7f, 0x00, 0x01, 0x6b, 0xa1, 0x78, 0x18, 0x00, 0xa8,
    0x09, 0xb2, 0x00, 0x00, 0x35, 0x41, 0x00, 0x40, 0xb9, 0x81, 0x02, 0x00, 0xb9, 0x74, 0x19, 0x02,
    0x7c, 0x03, 0x13, 0x60, 0x90, 0x06, 0x22, 0x63, 0x52, 0x20, 0x12, 0x00, 0x00, 0x0c, 0x53, 0x02,
    0x10, 0x41, 0xd3, 0x00, 0x00, 0x0c, 0x00, 0xc4, 0x09, 0x44, 0xe4, 0xff, 0xff, 0x17, 0x60, 0x09,
    0x00, 0x10, 0x06, 0x11, 0xf3, 0x3c, 0x10, 0xc1, 0x01, 0xaa, 0xf4, 0x03, 0x01, 0xaa, 0x2e, 0xff,
    0xff, 0x97, 0xe0, 0x3f, 0x00, 0x06, 0x11, 0x35, 0x70, 0x02, 0x40, 0xf3, 0x00, 0x91, 0xc1, 0x14,
    0x00, 0x70, 0x02, 0x00, 0x35, 0xe0, 0x3f, 0x40, 0xb9, 0xdc, 0x04, 0x52, 0x02, 0x00, 0x00, 0x14,
    0x01, 0xc4, 0x31, 0xf0, 0x06, 0xd2, 0x60, 0x02, 0x00, 0xb9, 0x63, 0x00, 0x80, 0xd2, 0x7f, 0x1a,
    0x00, 0x79, 0x62, 0x42, 0x00, 0xf8, 0xa2, 0x00, 0x80, 0xd2, 0x90, 0x14, 0x00, 0xd4, 0x10, 0x00,
    0x1c, 0x0e, 0x00, 0x94, 0x0d, 0x04, 0xa8, 0x07, 0x50, 0x82, 0x0e, 0x01, 0xa9, 0x1a, 0xc8, 0x02,
    0xb0, 0x2f, 0x40, 0xb9, 0xc0, 0x00, 0x00, 0x34, 0x00, 0x00, 0x80, 0x52, 0x6c, 0x06, 0x02, 0xc0,
    0x00, 0x02, 0x80, 0x08, 0x00, 0x30, 0x0e, 0x05, 0x80, 0x13, 0x12, 0x02, 0x30, 0x0e, 0x00, 0xc0,
    0x15, 0x33, 0x62, 0x4c, 0x22, 0xc4, 0x2d, 0x06, 0xb8, 0x0e, 0x57, 0x83, 0x6a, 0x60, 0xb8, 0x82,
    0x50, 0x02, 0xf0, 0x05, 0x7f, 0x00, 0x00, 0x6b, 0x61, 0xfd, 0xff, 0x54, 0x40, 0x08, 0x40, 0xb9,
    0x20, 0xfd, 0xff, 0x35, 0x40, 0x20, 0x40, 0x79, 0x60, 0x00, 0x13, 0x60, 0x50, 0x02, 0x93, 0xe6,
    0xff, 0xff, 0x17, 0x84, 0x0a, 0x40, 0xb9, 0x83, 0x50, 0x0d, 0x11, 0x9f, 0x50, 0x0d, 0x33, 0x83,
    0x9a, 0x83, 0xe4, 0x0a, 0x40, 0x63, 0x00, 0x04, 0x8b, 0x78, 0x04, 0x11, 0xe5, 0x20, 0x01, 0x02,
    0x40, 0x06, 0x00, 0x80, 0x08, 0x80, 0xe1, 0x73, 0x00, 0x91, 0xe0, 0x1f, 0x00, 0xb9, 0xb0, 0x00,
    0x13, 0xec, 0xe0, 0x26, 0x20, 0xa0, 0x0d, 0x4c, 0x33, 0x02, 0xa4, 0x0a, 0x04, 0x10, 0x04, 0x44,
    0xc2, 0xd2, 0x03, 0xf9, 0x50, 0x01, 0x20, 0x00, 0x00, 0x4c, 0x04, 0x20, 0x00, 0x34, 0x04, 0x17,
    0x81, 0x58, 0x0a, 0x89, 0xd2, 0x18, 0x6a, 0xaa, 0xf2, 0xf4, 0x03, 0xf1, 0x02, 0x82, 0x04, 0x91,
    0xf8, 0xa9, 0xc9, 0xf2, 0x98, 0x2a, 0xe8, 0xf2, 0x37, 0x00, 0x00, 0xb0, 0xf7, 0xee, 0xa8, 0x1c,
    0x50, 0x90, 0x06, 0x00, 0x00, 0x14, 0x44, 0x10, 0x40, 0xc1, 0x0c, 0x00, 0x37, 0x60, 0x0f, 0xf0,
    0x1c, 0x60, 0x8e, 0x41, 0xb8, 0xa0, 0x01, 0x00, 0x34, 0x01, 0x04, 0x00, 0x51, 0x3f, 0x40, 0x00,
    0x71, 0x28, 0xff, 0xff, 0x54, 0x81, 0x4a, 0x61, 0x38, 0x62, 0x00, 0x00, 0x10, 0x41, 0x88, 0x21,
    0x8b, 0x20, 0x00, 0x1f, 0xd6, 0x61, 0x06, 0x40, 0xf9, 0xa0, 0xc2, 0x1d, 0xe8, 0x18, 0x11, 0xf9,
    0x30, 0x00, 0x30, 0xfe, 0xff, 0x35, 0xf0, 0x10, 0x00, 0x0c, 0x05, 0xc0, 0x60, 0x0a, 0x40, 0xf9,
    0x20, 0xd8, 0x03, 0xf9, 0x80, 0x00, 0x00, 0xb4, 0x28, 0x00, 0x00, 0xa0, 0x07, 0x20, 0x01, 0xdc,
    0xa0, 0x00, 0x02, 0x18, 0x11, 0x04, 0x70, 0x01, 0xf5, 0x09, 0x60, 0x8a, 0x40, 0xa9, 0x01, 0x00,
    0x01, 0x32, 0x5f, 0x00, 0x18, 0xeb, 0x00, 0x10, 0x81, 0x1a, 0x76, 0x00, 0x00, 0x94, 0xe1, 0xff,
    0xff, 0x17, 0x34, 0x00, 0xb0, 0x98, 0x03, 0xf9, 0xdd, 0xff, 0xff, 0x17, 0x7f, 0x82, 0xc0, 0x3c,
    0x44, 0x00, 0x00, 0x00, 0x02, 0x40, 0x01, 0x40, 0x1d, 0x39, 0x0c, 0x00, 0x40, 0x1f, 0xd0, 0x81,
    0x3d, 0x10, 0x0c, 0x05, 0x2c, 0x00, 0x48, 0x54, 0x07, 0xb9, 0xd2, 0x3c, 0x00, 0x40, 0x68, 0x07,
    0xb9, 0xce, 0xac, 0x1e, 0xf3, 0x09, 0x86, 0x40, 0xa9, 0x1f, 0x10, 0x00, 0x71, 0xe2, 0x17, 0x9f,
    0x1a, 0x5f, 0x00, 0x01, 0x6a, 0x00, 0x00, 0x9f, 0x1a, 0xe0, 0x02, 0x00, 0xb9, 0xc7, 0x58, 0x00,
    0x50, 0xbf, 0xde, 0x81, 0x3d, 0xc4, 0x38, 0x00, 0x13, 0x0a, 0xa8, 0x00, 0x40, 0xc4, 0x03, 0xf9,
    0xc0, 0x38, 0x00, 0x30, 0x06, 0x40, 0xf9, 0xfc, 0x11, 0x40, 0x75, 0xfe, 0xff, 0x97, 0x20, 0x14,
    0x31, 0x62, 0x86, 0x40, 0x54, 0x03, 0x40, 0x02, 0xcc, 0x03, 0xf9, 0x80, 0x00, 0x40, 0x01, 0xc8,
    0x03, 0xf9, 0x20, 0x14, 0x05, 0x18, 0x00, 0x13, 0xb0, 0x18, 0x00, 0x40, 0xac, 0x03, 0xf9, 0xb0,
    0x50, 0x00, 0x13, 0x06, 0x50, 0x00, 0x42, 0xa8, 0x07, 0xb9, 0xac, 0xec, 0x19, 0x10, 0x90, 0x20,
    0x10, 0x31, 0x02, 0x00, 0x1f, 0xc0, 0x00, 0x30, 0x01, 0xa8, 0x07, 0xc8, 0x16, 0xf0, 0x02, 0x90,
    0x21, 0x00, 0x00, 0xb0, 0x21, 0xdc, 0x40, 0xf9, 0x01, 0xd0, 0x03, 0xf9, 0x01, 0x00, 0x80, 0x92,
    0x5c, 0x00, 0xa3, 0x00, 0xc0, 0x1d, 0x91, 0x01, 0x04, 0x00, 0xa9, 0x01, 0x08, 0xb4, 0x28, 0xd0,
    0x90, 0x01, 0x11, 0x42, 0x2b, 0x80, 0x52, 0xc1, 0xd2, 0x43, 0xf9, 0x00, 0x30, 0x0f, 0x15, 0x44,
    0x02, 0x2a, 0xef, 0xf1, 0x0c, 0x1e, 0x01, 0xe0, 0x19, 0x40, 0x90, 0x00, 0xa8, 0x47, 0x50, 0x00,
    0x10, 0x34, 0x3c, 0x06, 0x71, 0xfd, 0x7b, 0xbf, 0xa9, 0x20, 0xab, 0x83, 0xa8, 0x06, 0x41, 0x6d,
    0xff, 0xff, 0x97, 0x54, 0x00, 0x30, 0x00, 0x5f, 0x39, 0x1c, 0x00, 0x05, 0x30, 0x00, 0x20, 0xc4,
    0x43, 0x14, 0x29, 0x54, 0xf1, 0xe0, 0x07, 0x9f, 0x1a, 0x18, 0x00, 0x04, 0x02, 0x00, 0x01, 0x30,
    0x00, 0x34, 0xc4, 0x43, 0xf9, 0x18, 0x00, 0x01, 0x10, 0x00, 0x25, 0x40, 0x5d, 0x40, 0x00, 0x00,
    0xe4, 0x01, 0x80, 0x3f, 0xd0, 0xc1, 0x3d, 0x1f, 0x00, 0x80, 0x3d, 0x24, 0x00, 0x01, 0x20, 0x00,
    0xb0, 0x10, 0x1f, 0x91, 0x00, 0xfc, 0xdf, 0x88, 0x00, 0x78, 0x00, 0x12, 0x14, 0x00, 0x04, 0x4c,
    0x00, 0x00, 0x02, 0x00, 0x00, 0x30, 0x00, 0x80, 0x21, 0x10, 0x1f, 0x91, 0x20, 0xfc, 0x9f, 0x88,
    0x1c, 0x00, 0x09, 0x30, 0x00, 0x30, 0x7c, 0x1f, 0x53, 0x14, 0x00, 0xe2, 0xe0, 0x0f, 0x1f, 0xf8,
    0x21, 0x00, 0x00, 0xd4, 0xe2, 0x07, 0x41, 0xf8, 0x41, 0x00, 0xf8, 0x00, 0x40, 0x41, 0x00, 0x00,
    0xd4, 0x1c, 0x00, 0x13, 0x61, 0x08, 0x00, 0x13, 0x81, 0x08, 0x00, 0x13, 0xa1, 0x08, 0x00, 0x56,
    0xe1, 0x0f, 0x1f, 0xf8, 0xc1, 0x34, 0x00, 0x01, 0x40, 0x07, 0x13, 0xe1, 0x1c, 0x00, 0x00, 0x50,
    0x00, 0x25, 0x01, 0x01, 0x50, 0x00, 0x01, 0x1c, 0x00, 0x22, 0x21, 0x01, 0x50, 0x00, 0x13, 0x41,
    0x08, 0x00, 0x13, 0x61, 0x08, 0x00, 0x22, 0xc1, 0x02, 0x18, 0x00, 0x01, 0x34, 0x00, 0x1a, 0x03,
    0x34, 0x00, 0x22, 0x41, 0x03, 0x1c, 0x00, 0x13, 0x61, 0x08, 0x00, 0x13, 0x81, 0x08, 0x00, 0x13,
    0xa1, 0x08, 0x00, 0x00, 0x34, 0x00, 0x1b, 0xe1, 0x34, 0x00, 0x22, 0x21, 0x04, 0x34, 0x00, 0x13,
    0xc1, 0x08, 0x00, 0x00, 0x24, 0x00, 0x25, 0x21, 0x05, 0x58, 0x00, 0x01, 0x58, 0x01, 0x30, 0xe0,
    0x07, 0xbf, 0xe0, 0x01, 0xa3, 0xd4, 0xe3, 0x13, 0xc1, 0xa8, 0x61, 0x00, 0x00, 0xb9, 0x82, 0xa4,
    0x00, 0x00, 0x2c, 0x00, 0x25, 0x61, 0x08, 0x2c, 0x00, 0x01, 0xb8, 0x00, 0x01, 0x14, 0x00, 0x1a,
    0x09, 0x14, 0x00, 0x22, 0x81, 0x09, 0x64, 0x00, 0x22, 0x61, 0x0e, 0x08, 0x00, 0x13, 0xe1, 0x08,
    0x00, 0x22, 0x01, 0x0f, 0x10, 0x00, 0x00, 0xcc, 0x0b, 0x31, 0x00, 0xfc, 0x40, 0x6c, 0x00, 0x00,
    0xdc, 0x1f, 0x00, 0x10, 0x00, 0x80, 0x04, 0xe4, 0x41, 0xb9, 0x60, 0xfc, 0x5f, 0x88, 0xf0, 0x06,
    0x80, 0x64, 0xfc, 0x00, 0x88, 0x40, 0x05, 0x00, 0x35, 0x60, 0x01, 0xc0, 0x80, 0x00, 0xf0, 0x37,
    0x02, 0x00, 0x02, 0x32, 0x62, 0xfc, 0x01, 0x88, 0xf0, 0x13, 0x04, 0x80, 0x04, 0xc0, 0xe2, 0x03,
    0x04, 0x2a, 0xe1, 0x03, 0x03, 0xaa, 0x00, 0x78, 0x01, 0x12, 0xe0, 0x1f, 0x62, 0xe4, 0x1b, 0x00,
    0xb9, 0xbc, 0xff, 0xa8, 0x1f, 0x31, 0xe4, 0x1b, 0x40, 0x6c, 0x08, 0x00, 0x50, 0x13, 0x00, 0x3c,
    0x2f, 0x22, 0xe4, 0x13, 0xa8, 0x15, 0x50, 0xe3, 0x0f, 0x00, 0xf9, 0xc2, 0x24, 0x00, 0x61, 0x0f,
    0x40, 0xf9, 0xe4, 0x13, 0x40, 0x70, 0x00, 0xf4, 0x01, 0x01, 0x78, 0x01, 0x12, 0x3f, 0x00, 0x04,
    0x6b, 0x21, 0x01, 0x00, 0x54, 0x5f, 0x3f, 0x03, 0xd5, 0x30, 0x06, 0x36, 0x00, 0xfd, 0xf7, 0x78,
    0x00, 0x30, 0xfc, 0xff, 0x34, 0x9c, 0x00, 0x31, 0x60, 0xff, 0xff, 0x9c, 0x00, 0x44, 0xa0, 0xff,
    0xff, 0x35, 0x28, 0x00, 0x00, 0x18, 0x00, 0x13, 0xd3, 0x5c, 0x07, 0x00, 0x02, 0x00, 0x00, 0x2c,
    0x17, 0x90, 0x22, 0xe4, 0x41, 0xb9, 0x01, 0xfc, 0x5f, 0x88, 0x03, 0x30, 0x17, 0xf0, 0x04, 0x00,
    0x02, 0x6b, 0x61, 0x02, 0x00, 0x54, 0x03, 0xfc, 0x04, 0x88, 0xc4, 0x01, 0x00, 0x35, 0x41, 0x00,
    0xf0, 0x37, 0xd8, 0x00, 0x00, 0x08, 0x03, 0x00, 0xac, 0x09, 0x10, 0x91, 0x5c, 0x07, 0x30, 0x00,
    0x00, 0x35, 0x64, 0x38, 0x02, 0x18, 0x00, 0x24, 0xc1, 0xa8, 0xb8, 0x00, 0x80, 0x20, 0x00, 0x80,
    0x52, 0x96, 0xff, 0xff, 0x17, 0x4c, 0x00, 0x00, 0x68, 0x0d, 0x31, 0xe0, 0xfd, 0xff, 0xa4, 0x00,
    0x17, 0xef, 0x70, 0x00, 0x00, 0x50, 0x05, 0x00, 0x74, 0x00, 0x40, 0x21, 0xe4, 0x41, 0xb9, 0x0c,
    0x01, 0x00, 0xc8, 0x0b, 0x26, 0xe0, 0x17, 0x38, 0x03, 0x44, 0xe1, 0x0b, 0x00, 0x34, 0x94, 0x1c,
    0x00, 0x6c, 0x01, 0x42, 0x20, 0xeb, 0x82, 0x52, 0xdc, 0x06, 0x30, 0x01, 0x2a, 0x41, 0x44, 0x05,
    0xb0, 0x3c, 0x00, 0x71, 0xc8, 0x07, 0x00, 0x54, 0x20, 0xeb, 0x81, 0x52, 0x44, 0x11, 0x80, 0x61,
    0x07, 0x00, 0x35, 0x1f, 0x04, 0x00, 0x4f, 0x7c, 0x00, 0x80, 0x73, 0x00, 0x00, 0xb9, 0x00, 0x20,
    0xc2, 0x1a, 0xa8, 0x0c, 0xf2, 0x0f, 0x7f, 0x40, 0x83, 0x3c, 0x7f, 0x40, 0x84, 0x3c, 0x7f, 0x40,
    0x80, 0x3c, 0x7f, 0x40, 0x81, 0x3c, 0x7f, 0x40, 0x82, 0x3c, 0x62, 0x00, 0x08, 0x29, 0x5f, 0x04,
    0x00, 0x71, 0xa0, 0x05, 0xd4, 0x1c, 0x60, 0xb7, 0x00, 0x80, 0xd2, 0x78, 0x10, 0x80, 0x0a, 0xe0,
    0xc0, 0xf2, 0x42, 0x08, 0x00, 0x51, 0x63, 0x20, 0x00, 0x91, 0x74, 0x48, 0x22, 0x8b, 0x08, 0x06,
    0xf0, 0x0d, 0x76, 0xca, 0x88, 0xd2, 0x76, 0x28, 0xa9, 0xf2, 0x55, 0x00, 0x80, 0xd2, 0xf9, 0x6b,
    0x04, 0xa9, 0x79, 0xca, 0x88, 0x52, 0x79, 0xe8, 0xa9, 0x72, 0x7a, 0xd0, 0x3b, 0xd5, 0x08, 0x16,
    0xf6, 0x03, 0x57, 0x03, 0x00, 0xf9, 0x56, 0x57, 0x01, 0xa9, 0x58, 0xff, 0xff, 0x97, 0xa0, 0x03,
    0x00, 0x35, 0x40, 0x03, 0xf0, 0x06, 0x00, 0xf8, 0x0f, 0x22, 0x41, 0x23, 0x14, 0x08, 0x06, 0xc4,
    0x19, 0x15, 0x1a, 0x0c, 0x12, 0xe2, 0x40, 0x6b, 0x62, 0xb8, 0x43, 0x03, 0x02, 0x8b, 0x1f, 0x00,
    0x19, 0x6b, 0xc1, 0x03, 0x8c, 0x0e, 0x11, 0x80, 0x78, 0x14, 0xe4, 0x40, 0xb9, 0x00, 0x47, 0x00,
    0xb8, 0x9f, 0x02, 0x18, 0xeb, 0xe1, 0xfc, 0xff, 0x54, 0xf8, 0x16, 0x00, 0xf0, 0x1f, 0x00, 0xb4,
    0x06, 0x00, 0xf4, 0x05, 0x04, 0x78, 0x0a, 0x08, 0x1c, 0x00, 0x08, 0x18, 0x00, 0xa2, 0x40, 0x0b,
    0x40, 0xb9, 0x41, 0x33, 0x00, 0x91, 0x43, 0x53, 0x58, 0x1a, 0x13, 0x63, 0x58, 0x1a, 0x50, 0x00,
    0x20, 0x45, 0xd3, 0x61, 0x5c, 0x1a, 0x03, 0x1c, 0x17, 0x00, 0x40, 0x00, 0x00, 0x10, 0x0f, 0x00,
    0x68, 0x06, 0x00, 0x60, 0x00, 0x40, 0xe9, 0xff, 0xff, 0x17, 0x6c, 0x01, 0x00, 0xd4, 0x01, 0x00,
    0xa6, 0x01, 0x04, 0x02, 0x00, 0x05, 0x80, 0x09, 0x03, 0x2c, 0x09, 0x00, 0xc0, 0x01, 0x70, 0x20,
    0x03, 0x00, 0x34, 0x81, 0x42, 0x40, 0x30, 0x1c, 0xd2, 0xb9, 0x3f, 0x04, 0x00, 0x71, 0xa9, 0x02,
    0x00, 0x54, 0x33, 0x00, 0x80, 0xd2, 0x8c, 0x0e, 0x60, 0x80, 0xd2, 0x04, 0x00, 0x00, 0x14, 0x58,
    0x24, 0x00, 0x5c, 0x1d, 0xc0, 0xa9, 0x01, 0x00, 0x54, 0x80, 0x7a, 0x73, 0xb8, 0x80, 0xff, 0xff,
    0x34, 0xf8, 0x01, 0x80, 0x35, 0x00, 0x00, 0xf9, 0x0b, 0xff, 0xff, 0x97, 0x14, 0x00, 0x80, 0xf5,
    0xfe, 0xff, 0x97, 0x9f, 0x7a, 0x33, 0xb8, 0x2c, 0x00, 0x00, 0x50, 0x00, 0x00, 0x30, 0x00, 0x00,
    0x84, 0x21, 0x22, 0xf5, 0x13, 0x34, 0x25, 0x00, 0x0c, 0x0e, 0x0f, 0x90, 0x00, 0x09, 0x00, 0xf0,
    0x08, 0x50, 0x00, 0x20, 0x01, 0x91, 0x1b, 0x94, 0x02, 0x90, 0x46, 0x40, 0xb9, 0x01, 0x00, 0xc0,
    0x5a, 0x1f, 0x00, 0x44, 0x14, 0xe0, 0xc0, 0x5a, 0xe1, 0x07, 0x81, 0x1a, 0xa1, 0x03, 0x00, 0x35,
    0x61, 0x52, 0x40, 0xb9, 0x88, 0x07, 0x20, 0x21, 0x04, 0x2c, 0x38, 0xf0, 0x03, 0x80, 0x92, 0x60,
    0x32, 0x01, 0x91, 0x61, 0x52, 0x00, 0xb9, 0x61, 0x22, 0x01, 0x91, 0xf9, 0x01, 0x00, 0x94, 0x20,
    0x00, 0xc0, 0x60, 0x46, 0x40, 0xb9, 0x21, 0x04, 0x00, 0x51, 0x02, 0x00, 0xc0, 0x5a, 0x1c, 0x00,
    0x00, 0x44, 0x00, 0xf0, 0x01, 0x42, 0x10, 0xc0, 0x5a, 0xe2, 0x07, 0x82, 0x1a, 0x54, 0x04, 0x00,
    0x51, 0x22, 0xfe, 0xff, 0x34, 0x30, 0x07, 0xf0, 0x02, 0x21, 0x20, 0xd4, 0x1a, 0x00, 0x00, 0x21,
    0x0a, 0x60, 0x46, 0x00, 0xb9, 0x60, 0x22, 0x01, 0x91, 0x31, 0x50, 0x09, 0x03, 0xa4, 0x18, 0x04,
    0xac, 0x00, 0x57, 0x34, 0x04, 0x00, 0x51, 0xf5, 0xf0, 0x02, 0x08, 0x40, 0x01, 0x04, 0xb0, 0x00,
    0x00, 0xf8, 0x19, 0x22, 0xee, 0xfe, 0xb4, 0x00, 0x00, 0x58, 0x00, 0x11, 0x34, 0x58, 0x00, 0x21,
    0x14, 0x2a, 0x58, 0x00, 0x12, 0x52, 0x1c, 0x10, 0x00, 0x60, 0x00, 0x02, 0xd8, 0x01, 0x30, 0xc3,
    0xa8, 0x17, 0x44, 0x07, 0x40, 0x32, 0x01, 0x91, 0xb6, 0x34, 0x00, 0x07, 0x18, 0x00, 0x11, 0x11,
    0xe0, 0x08, 0x11, 0xb8, 0x98, 0x03, 0x01, 0x08, 0x06, 0x21, 0x40, 0x1f, 0xa8, 0x01, 0x10, 0x33,
    0xd4, 0x11, 0xf0, 0x24, 0xca, 0x40, 0xf9, 0xff, 0x57, 0x00, 0xb9, 0x34, 0x00, 0x00, 0x90, 0x94,
    0xbe, 0x40, 0xf9, 0x7f, 0x02, 0x00, 0xb9, 0x80, 0x02, 0x00, 0xf9, 0x50, 0xfe, 0xff, 0x97, 0x80,
    0x04, 0x00, 0x36, 0x22, 0x00, 0x00, 0x90, 0x42, 0xb4, 0x40, 0xf9, 0xe0, 0x63, 0x01, 0x91, 0xe1,
    0x53, 0x01, 0x91, 0xff, 0xff, 0x05, 0xa9, 0xc4, 0x35, 0x90, 0x1f, 0x10, 0x00, 0xf9, 0xe2, 0x13,
    0x00, 0xf9, 0x7c, 0x28, 0x00, 0xf0, 0x30, 0x03, 0x00, 0x35, 0xe0, 0x73, 0x40, 0xb9, 0x1f, 0x0c,
    0x00, 0x71, 0x21, 0x03, 0x00, 0x54, 0xe2, 0x13, 0x40, 0xf9, 0x43, 0x00, 0x40, 0x29, 0xe8, 0x03,
    0x03, 0x2a, 0xe6, 0x03, 0x00, 0x2a, 0x1f, 0x01, 0x00, 0xf1, 0xc4, 0x18, 0x40, 0xfa, 0x40, 0x02,
    0x00, 0x54, 0xe1, 0x2f, 0x40, 0xf9, 0x5f, 0x00, 0x01, 0xeb, 0xe3, 0x01, 0x00, 0x54, 0xe4, 0x33,
    0x40, 0xf9, 0x01, 0x01, 0x01, 0xcb, 0x0c, 0x0b, 0xc0, 0x3f, 0x00, 0x04, 0xeb, 0x48, 0x01, 0x00,
    0x54, 0x01, 0x84, 0x00, 0x11, 0xf8, 0x0a, 0x60, 0xe9, 0x00, 0x00, 0x54, 0x45, 0x80, 0xdc, 0x03,
    0xb0, 0x02, 0xaa, 0x47, 0x40, 0x21, 0x8b, 0x22, 0x00, 0x00, 0x14, 0x2f, 0x6c, 0x00, 0x32, 0x00,
    0x00, 0x37, 0xf0, 0x00, 0x11, 0xc8, 0xc0, 0x12, 0xf0, 0x06, 0x32, 0xfe, 0xff, 0x97, 0xe0, 0x13,
    0x00, 0xf9, 0x60, 0x03, 0x00, 0x94, 0xe6, 0x03, 0x00, 0xaa, 0x20, 0xff, 0xff, 0xb4, 0x21, 0xe4,
    0x07, 0x80, 0xf8, 0x40, 0xf9, 0xe2, 0xff, 0x91, 0xd2, 0x20, 0xa8, 0x07, 0x70, 0x00, 0x41, 0xf9,
    0x23, 0x00, 0x40, 0xf9, 0x20, 0x23, 0xf0, 0x08, 0x00, 0x00, 0x03, 0xcb, 0x1f, 0x00, 0x02, 0xeb,
    0xe9, 0xfd, 0xff, 0x54, 0x60, 0x24, 0x40, 0x91, 0x02, 0x00, 0x92, 0xd2, 0xe6, 0x17, 0x00, 0x48,
    0x28, 0x00, 0x0c, 0x08, 0x10, 0x52, 0x7c, 0x34, 0x80, 0x2d, 0x02, 0x00, 0x94, 0xe5, 0x1b, 0x42,
    0xa9, 0x58, 0x04, 0x40, 0xe7, 0x03, 0x00, 0xaa, 0xfc, 0x0a, 0xf0, 0x2d, 0x08, 0x00, 0x92, 0xd2,
    0xe0, 0x03, 0x06, 0x2a, 0x00, 0x28, 0x00, 0x11, 0x00, 0x70, 0x1d, 0x12, 0x00, 0x00, 0x01, 0x0b,
    0x1f, 0x00, 0x08, 0xeb, 0xa2, 0xfb, 0xff, 0x54, 0x08, 0x01, 0x00, 0xcb, 0x08, 0xfd, 0x43, 0xd3,
    0x1f, 0x05, 0x00, 0x71, 0x29, 0xfb, 0xff, 0x54, 0x62, 0x00, 0x00, 0x8b, 0x29, 0x00, 0x00, 0x90,
    0x29, 0x09, 0x41, 0xf9, 0xe1, 0x03, 0x05, 0xaa, 0x9c, 0x32, 0x00, 0x18, 0x0b, 0xf0, 0x0b, 0xa0,
    0x00, 0x40, 0x39, 0x24, 0x41, 0x20, 0x8b, 0xe2, 0x03, 0x03, 0x2a, 0x84, 0x04, 0x40, 0x39, 0xc4,
    0x08, 0x18, 0x37, 0x1f, 0x88, 0x00, 0x71, 0x40, 0x09, 0xdc, 0x03, 0x02, 0x20, 0x0b, 0x10, 0x24,
    0x30, 0x34, 0xf2, 0x06, 0x20, 0x03, 0xd5, 0x5f, 0x00, 0x06, 0xeb, 0x82, 0x01, 0x00, 0x54, 0xa2,
    0x68, 0x62, 0x38, 0x63, 0x04, 0x00, 0x11, 0x80, 0x02, 0x0c, 0x1f, 0x91, 0x5f, 0x88, 0x00, 0x71,
    0x80, 0x02, 0x00, 0x54, 0x62, 0x7c, 0x29, 0x00, 0x48, 0x00, 0x20, 0x00, 0x11, 0x2c, 0x00, 0x71,
    0xc3, 0xfe, 0xff, 0x54, 0x84, 0x00, 0x00, 0xb0, 0x1c, 0xc0, 0x1f, 0x00, 0x08, 0x6b, 0x83, 0x07,
    0x00, 0x54, 0x0f, 0x01, 0x00, 0x94, 0x60, 0x0b, 0x88, 0x61, 0x02, 0x80, 0xb9, 0x1f, 0x78, 0x21,
    0xf8, 0x38, 0x01, 0xc1, 0x2a, 0x41, 0x22, 0x8b, 0x4a, 0x05, 0x40, 0x39, 0xca, 0xfd, 0x1f, 0x36,
    0x48, 0x00, 0x30, 0xfc, 0xff, 0x34, 0x7c, 0x06, 0xf0, 0x11, 0xe0, 0x03, 0x07, 0xaa, 0xe4, 0x23,
    0x00, 0xb9, 0xe8, 0x17, 0x00, 0xf9, 0xe3, 0x37, 0x00, 0xb9, 0xe6, 0x97, 0x03, 0xa9, 0xe9, 0x27,
    0x00, 0xf9, 0xf8, 0x03, 0x00, 0x94, 0xe4, 0x23, 0x40, 0xb9, 0x10, 0x01, 0x80, 0xe8, 0x17, 0x40,
    0xf9, 0x1f, 0x48, 0x24, 0x38, 0x74, 0x1a, 0x00, 0x20, 0x1d, 0x40, 0x27, 0xd8, 0x20, 0xf8, 0x70,
    0x2d, 0x00, 0x1c, 0x0c, 0x00, 0x7c, 0x00, 0xa0, 0x42, 0xfc, 0xff, 0x54, 0xe3, 0x37, 0x40, 0xb9,
    0xe6, 0x1f, 0x48, 0x12, 0x51, 0x03, 0x2a, 0x1f, 0x00, 0x06, 0x28, 0x01, 0x40, 0xe5, 0x27, 0x44,
    0xa9, 0xb0, 0x00, 0x00, 0xd0, 0x00, 0x31, 0xe7, 0x00, 0x04, 0x08, 0x01, 0x80, 0xa1, 0x00, 0x00,
    0x8b, 0xa0, 0x68, 0x60, 0x38, 0x18, 0x01, 0x00, 0x14, 0x01, 0xd3, 0x84, 0xf7, 0x1f, 0x36, 0xdf,
    0x00, 0x02, 0xeb, 0x29, 0xfa, 0xff, 0x54, 0xa0, 0xfc, 0x00, 0x80, 0xa1, 0x00, 0x02, 0x8b, 0xb2,
    0xff, 0xff, 0x17, 0x08, 0x00, 0x00, 0x1c, 0x00, 0x35, 0x49, 0xf9, 0xff, 0x18, 0x01, 0x00, 0x0c,
    0x37, 0x48, 0xba, 0xff, 0xff, 0x17, 0xbc, 0x00, 0x17, 0xcd, 0xac, 0x00, 0x0f, 0xa8, 0x00, 0x05,
    0x17, 0xb9, 0x7c, 0x03, 0x00, 0x02, 0x00, 0x00, 0x14, 0x3a, 0xb1, 0xe4, 0x03, 0x00, 0xaa, 0xa0,
    0xe9, 0x89, 0x52, 0x80, 0x08, 0xa6, 0xac, 0x0e, 0x44, 0x21, 0x0a, 0x00, 0x54, 0x98, 0x07, 0xb1,
    0xe8, 0x03, 0x01, 0xaa, 0x20, 0x08, 0x41, 0x69, 0x20, 0x00, 0x00, 0x18, 0x20, 0x80, 0x5f, 0x00,
    0x00, 0xeb, 0xc0, 0x00, 0x00, 0x54, 0xa8, 0x27, 0x00, 0x20, 0x02, 0x60, 0xe4, 0x23, 0x01, 0xa9,
    0x9f, 0x01, 0x24, 0x01, 0xf3, 0x0c, 0x41, 0xa9, 0x00, 0x05, 0x80, 0xb9, 0x02, 0x69, 0x60, 0xf8,
    0x05, 0x01, 0x00, 0x8b, 0x02, 0x04, 0x00, 0xb4, 0xe1, 0xf3, 0x01, 0xb2, 0x07, 0x00, 0x80, 0xd2,
    0x06, 0x08, 0x1d, 0x00, 0xe0, 0x0c, 0xf0, 0x35, 0x61, 0x55, 0x95, 0xf2, 0x0a, 0x00, 0x00, 0x14,
    0x5f, 0x1c, 0x00, 0xf1, 0x80, 0x06, 0x00, 0x54, 0x5f, 0x20, 0x00, 0xf1, 0x81, 0x00, 0x00, 0x54,
    0xa0, 0x04, 0x40, 0xf9, 0x00, 0x7c, 0xc1, 0x9b, 0x00, 0xfc, 0x44, 0xd3, 0xa2, 0x0c, 0x41, 0xf8,
    0x42, 0x01, 0x00, 0xb4, 0x5f, 0x8c, 0x00, 0xf1, 0x00, 0x05, 0x00, 0x54, 0xad, 0xfe, 0xff, 0x54,
    0x5f, 0x90, 0x00, 0xf1, 0x41, 0xff, 0xff, 0x54, 0xa6, 0x04, 0x40, 0xf9, 0x20, 0x00, 0xf0, 0x1d,
    0x86, 0x00, 0x06, 0x8b, 0x02, 0xff, 0xff, 0xb5, 0x7f, 0x00, 0x00, 0xf1, 0x04, 0x18, 0x40, 0xfa,
    0x81, 0x05, 0x00, 0x54, 0xdf, 0x00, 0x00, 0xf1, 0xe4, 0x18, 0x40, 0xfa, 0xe1, 0x05, 0x00, 0x54,
    0x01, 0x1d, 0x40, 0xb9, 0x80, 0xc9, 0x89, 0x52, 0x20, 0x0b, 0xa6, 0x72, 0x68, 0x19, 0x20, 0x60,
    0x00, 0xd4, 0x00, 0x02, 0x3c, 0x0e, 0x23, 0x01, 0x29, 0x1c, 0x00, 0x12, 0x2b, 0x1c, 0x00, 0x00,
    0x58, 0x00, 0x40, 0x00, 0x85, 0x45, 0x69, 0x34, 0x0b, 0xf0, 0x0e, 0x21, 0x00, 0x00, 0xcb, 0x08,
    0x01, 0x00, 0x8b, 0xe0, 0x03, 0x08, 0xaa, 0xe8, 0x07, 0x01, 0xa9, 0x7a, 0xfd, 0xff, 0x97, 0xe1,
    0x0f, 0x40, 0xf9, 0x80, 0x06, 0x00, 0x35, 0x03, 0xd0, 0x40, 0x10, 0x0b, 0x30, 0x2a, 0x20, 0x03,
    0x2a, 0x4c, 0x00, 0xc0, 0x75, 0xfd, 0xff, 0x17, 0xa7, 0x04, 0x40, 0xf9, 0xe7, 0xfc, 0x43, 0xd3,
    0x34, 0x08, 0x90, 0xa3, 0x04, 0x40, 0xf9, 0x83, 0x00, 0x03, 0x8b, 0xd0, 0x68, 0x37, 0x90, 0x03,
    0x5f, 0xd6, 0x61, 0x08, 0x40, 0xf9, 0x62, 0x00, 0xb0, 0x29, 0x50, 0x04, 0x8b, 0x41, 0x68, 0x24,
    0x2c, 0x02, 0xb1, 0xf1, 0x63, 0x60, 0x00, 0x91, 0xc0, 0xfa, 0xff, 0x54, 0x61, 0x08, 0x14, 0x20,
    0xf1, 0x1b, 0xb4, 0x3f, 0x0c, 0x10, 0xf1, 0xc0, 0xfe, 0xff, 0x54, 0x20, 0x6b, 0x80, 0x52, 0x9d,
    0xfc, 0xff, 0x97, 0xc1, 0x0c, 0x07, 0x8b, 0x05, 0x00, 0x80, 0xd2, 0x29, 0x00, 0x80, 0xd2, 0x09,
    0x00, 0x00, 0x14, 0x80, 0x68, 0x62, 0xf8, 0x85, 0x00, 0x02, 0x8b, 0xa5, 0x40, 0x19, 0xf0, 0x27,
    0x04, 0x8b, 0x80, 0x68, 0x22, 0xf8, 0xc6, 0x20, 0x00, 0x91, 0xdf, 0x00, 0x01, 0xeb, 0xe0, 0xf8,
    0xff, 0x54, 0xc2, 0x00, 0x40, 0xf9, 0xe2, 0xfe, 0x07, 0x36, 0x42, 0xfc, 0x41, 0xd3, 0x22, 0x01,
    0x00, 0xb4, 0x43, 0x00, 0xc0, 0xda, 0x63, 0x10, 0xc0, 0xda, 0xa0, 0x78, 0x63, 0xf8, 0x27, 0x21,
    0xc3, 0x9a, 0x42, 0x00, 0x27, 0xea, 0x38, 0x00, 0xf2, 0x03, 0xa0, 0x78, 0x23, 0xf8, 0x21, 0xff,
    0xff, 0x54, 0xa5, 0xe0, 0x07, 0x91, 0xf0, 0xff, 0xff, 0x17, 0x82, 0xfc, 0xd4, 0x0b, 0x04, 0xb8,
    0x08, 0xf0, 0x0d, 0x86, 0xfc, 0xff, 0x97, 0x19, 0x00, 0x00, 0x94, 0x3c, 0xf6, 0xff, 0x97, 0xcb,
    0xf2, 0xff, 0x97, 0x2a, 0xf4, 0xff, 0x97, 0xb1, 0xfe, 0xff, 0x97, 0xd0, 0xf2, 0xff, 0x97, 0xc4,
    0x08, 0x22, 0x06, 0x03, 0x24, 0x10, 0x00, 0xdc, 0x09, 0xf1, 0x00, 0x01, 0xe0, 0x41, 0xb9, 0x02,
    0x80, 0x07, 0x91, 0x80, 0xc4, 0x8a, 0x52, 0x80, 0x2a, 0xa4, 0x60, 0x01, 0x30, 0x61, 0x00, 0x00,
    0x90, 0x0e, 0x01, 0x04, 0x0a, 0x00, 0x54, 0x00, 0x22, 0x20, 0x2b, 0x14, 0x0c, 0x13, 0x68, 0x68,
    0x00, 0x04, 0x02, 0x00, 0x00, 0x58, 0x02, 0x08, 0x00, 0x2b, 0x00, 0x50, 0x00, 0xf2, 0x00, 0xf3,
    0x53, 0x01, 0xa9, 0x13, 0x80, 0x07, 0x91, 0x01, 0xe0, 0x01, 0xb9, 0x01, 0x02, 0x80, 0xbc, 0x04,
    0x31, 0xfc, 0x40, 0xf9, 0x9c, 0x05, 0x10, 0xd6, 0xbc, 0x04, 0x40, 0x40, 0xf9, 0x7f, 0x82, 0x7c,
    0x33, 0x00, 0xb0, 0x0c, 0x02, 0x10, 0x00, 0xf1, 0x05, 0x1f, 0x40, 0x00, 0xf1, 0x00, 0x20, 0x81,
    0x9a, 0x80, 0x02, 0x00, 0xcb, 0x60, 0x0e, 0x00, 0xf9, 0xda, 0xfc, 0xff, 0x97, 0x00, 0x05, 0x50,
    0xd0, 0x40, 0xf9, 0x60, 0x06, 0x20, 0x0a, 0x40, 0x00, 0x90, 0x00, 0xe4, 0x00, 0x13, 0x20, 0x01,
    0x6b, 0x60, 0x02, 0x02, 0x04, 0x04, 0x02, 0x00, 0x02, 0x46, 0x02, 0x00, 0x01, 0x4b, 0x80, 0x20,
    0x42, 0xc2, 0xa8, 0x5f, 0x00, 0xdc, 0x00, 0x00, 0x02, 0x00, 0x10, 0x27, 0x98, 0x34, 0xf0, 0x0e,
    0xc8, 0x40, 0xf9, 0x28, 0x00, 0x00, 0x90, 0x08, 0xbd, 0x40, 0xf9, 0xe3, 0x00, 0x40, 0xb9, 0x04,
    0x01, 0x40, 0xf9, 0x65, 0x7c, 0x40, 0x93, 0x7f, 0x04, 0x00, 0x71, 0x0d, 0x06, 0xac, 0x02, 0x24,
    0x00, 0x51, 0x84, 0x09, 0x40, 0x80, 0x78, 0x60, 0xf8, 0x7c, 0x15, 0x31, 0xe4, 0x17, 0x02, 0xc0,
    0x06, 0xc0, 0xe3, 0x33, 0x00, 0xb9, 0xe8, 0x9f, 0x03, 0xa9, 0xfa, 0x01, 0x00, 0x94, 0xa4, 0x00,
    0x40, 0xe3, 0x33, 0x40, 0xb9, 0xa0, 0x05, 0xf0, 0x01, 0xe4, 0x17, 0x42, 0xa9, 0xe8, 0x9f, 0x43,
    0xa9, 0xa0, 0x00, 0x00, 0x54, 0x9f, 0x78, 0x25, 0xf8, 0x94, 0x15, 0x04, 0xac, 0x08, 0x20, 0x02,
    0x01, 0xd8, 0x0a, 0xf0, 0x23, 0x00, 0xd0, 0x21, 0x80, 0x03, 0x91, 0x60, 0x02, 0x02, 0x8b, 0xe3,
    0x23, 0x00, 0xb9, 0xe4, 0x97, 0x02, 0xa9, 0xe7, 0xa3, 0x03, 0xa9, 0xe6, 0x27, 0x00, 0xf9, 0x37,
    0x02, 0x00, 0x94, 0xe3, 0x23, 0x40, 0xb9, 0xe4, 0x97, 0x42, 0xa9, 0xe7, 0xa3, 0x43, 0xa9, 0x00,
    0xfe, 0xff, 0x35, 0x63, 0x04, 0x00, 0x51, 0x0c, 0x0b, 0x00, 0xe0, 0x15, 0xf1, 0x05, 0xe3, 0x00,
    0x00, 0xb9, 0xe2, 0x4b, 0x40, 0xb9, 0xe7, 0x23, 0x02, 0xa9, 0x74, 0x01, 0x00, 0x94, 0xe7, 0x23,
    0x42, 0xa9, 0x0c, 0x01, 0x30, 0xe0, 0x40, 0xf9, 0xbc, 0x00, 0x50, 0xe5, 0x00, 0x80, 0xb9, 0x20,
    0x24, 0x00, 0x30, 0xff, 0xff, 0x17, 0x7c, 0x00, 0x08, 0x34, 0x08, 0x04, 0x80, 0x07, 0x40, 0xe4,
    0x03, 0x01, 0xaa, 0x74, 0x06, 0x00, 0xcc, 0x00, 0x40, 0xf3, 0x03, 0x01, 0xaa, 0x8c, 0x08, 0x00,
    0xf8, 0x0a, 0x11, 0xe1, 0x34, 0x11, 0x60, 0x04, 0xaa, 0xdd, 0xfc, 0xff, 0x97, 0x70, 0x2b, 0x11,
    0x02, 0xb8, 0x13, 0x20, 0x9d, 0x52, 0x28, 0x04, 0x00, 0xcc, 0x00, 0x00, 0xc8, 0x00, 0x02, 0x64,
    0x2b, 0x02, 0x8c, 0x08, 0x00, 0x90, 0x00, 0x00, 0x14, 0x11, 0x10, 0xfe, 0x30, 0x00, 0x14, 0x2f,
    0x44, 0x18, 0x20, 0xc3, 0xa8, 0x24, 0x00, 0x08, 0x78, 0x00, 0x04, 0x02, 0x00, 0x91, 0x5f, 0x24,
    0x03, 0xd5, 0x24, 0x00, 0x02, 0x8b, 0x05, 0x5c, 0x04, 0x60, 0x02, 0xf1, 0x88, 0x07, 0x00, 0x54,
    0x2c, 0x15, 0xf0, 0x0d, 0xc8, 0x03, 0x00, 0x54, 0x5f, 0x40, 0x00, 0xf1, 0xc3, 0x00, 0x00, 0x54,
    0x26, 0x1c, 0x40, 0xa9, 0x8c, 0x34, 0x7f, 0xa9, 0x06, 0x1c, 0x00, 0xa9, 0xac, 0x34, 0x3f, 0xa9,
    0x48, 0x00, 0xf2, 0x05, 0xc2, 0x00, 0x18, 0x36, 0x26, 0x00, 0x40, 0xf9, 0x87, 0x80, 0x5f, 0xf8,
    0x06, 0x00, 0x00, 0xf9, 0xa7, 0x80, 0x1f, 0xf8, 0x18, 0x00, 0x10, 0x10, 0x18, 0x00, 0xd0, 0xb9,
    0x88, 0xc0, 0x5f, 0xb8, 0x06, 0x00, 0x00, 0xb9, 0xa8, 0xc0, 0x1f, 0xb8, 0x18, 0x00, 0xf0, 0x11,
    0x02, 0x01, 0x00, 0xb4, 0x4e, 0xfc, 0x41, 0xd3, 0x26, 0x00, 0x40, 0x39, 0x8a, 0xf0, 0x5f, 0x38,
    0x28, 0x68, 0x6e, 0x38, 0x06, 0x00, 0x00, 0x39, 0x08, 0x68, 0x2e, 0x38, 0xaa, 0xf0, 0x1f, 0x38,
    0x24, 0x00, 0x00, 0x08, 0x09, 0x00, 0x6c, 0x00, 0x71, 0x28, 0x24, 0x41, 0xa9, 0x8a, 0x2c, 0x7e,
    0x74, 0x00, 0x80, 0x5f, 0x00, 0x01, 0xf1, 0xe8, 0x00, 0x00, 0x54, 0x7c, 0x00, 0x75, 0x08, 0x24,
    0x01, 0xa9, 0xaa, 0x2c, 0x3e, 0x84, 0x00, 0x00, 0x30, 0x00, 0xf1, 0x10, 0x2e, 0x3c, 0x42, 0xa9,
    0x30, 0x44, 0x43, 0xa9, 0x5f, 0x80, 0x01, 0xf1, 0xa9, 0x00, 0x00, 0x54, 0x82, 0x0c, 0x7c, 0xa9,
    0x81, 0x10, 0x7d, 0xa9, 0xa2, 0x0c, 0x3c, 0xa9, 0xa1, 0x10, 0x3d, 0xb4, 0x00, 0x00, 0x38, 0x00,
    0x7d, 0x0e, 0x3c, 0x02, 0xa9, 0x10, 0x44, 0x03, 0x40, 0x00, 0xf1, 0x0a, 0x0e, 0x00, 0x01, 0xcb,
    0x2e, 0xfc, 0xff, 0xb4, 0xdf, 0x01, 0x02, 0xeb, 0xa3, 0x04, 0x00, 0x54, 0x2c, 0x34, 0x40, 0xa9,
    0x0e, 0x0c, 0x40, 0x92, 0x03, 0x3c, 0x41, 0xf0, 0x17, 0x0e, 0xcb, 0x42, 0x00, 0x0e, 0x8b, 0x26,
    0x1c, 0x41, 0xa9, 0x0c, 0x34, 0x00, 0xa9, 0x28, 0x24, 0x42, 0xa9, 0x2a, 0x2c, 0x43, 0xa9, 0x2c,
    0x34, 0xc4, 0xa9, 0x42, 0x40, 0x02, 0xf1, 0x69, 0x01, 0x00, 0x54, 0x66, 0x1c, 0x01, 0xa9, 0x20,
    0x00, 0x31, 0x68, 0x24, 0x02, 0x20, 0x00, 0x31, 0x6a, 0x2c, 0x03, 0x24, 0x00, 0x32, 0x6c, 0x34,
    0x84, 0x28, 0x00, 0x00, 0xc0, 0x00, 0x70, 0xfe, 0xff, 0x54, 0x8e, 0x3c, 0x7c, 0xa9, 0x2c, 0x00,
    0x31, 0x86, 0x1c, 0x7d, 0x2c, 0x00, 0x31, 0x88, 0x24, 0x7e, 0x2c, 0x00, 0xf2, 0x07, 0x8a, 0x2c,
    0x7f, 0xa9, 0x6c, 0x34, 0x04, 0xa9, 0xae, 0x3c, 0x3c, 0xa9, 0xa6, 0x1c, 0x3d, 0xa9, 0xa8, 0x24,
    0x3e, 0xa9, 0xaa, 0x2c, 0x64, 0x01, 0x40, 0x1f, 0x20, 0x03, 0xd5, 0x04, 0x01, 0x52, 0xae, 0x0c,
    0x40, 0x92, 0x84, 0x8c, 0x00, 0x41, 0xcb, 0x86, 0x1c, 0x7f, 0x00, 0x01, 0x00, 0x40, 0x00, 0x91,
    0x8a, 0x2c, 0x7d, 0xa9, 0x8c, 0x34, 0xfc, 0xa9, 0xa5, 0x1c, 0x00, 0x02, 0x90, 0x00, 0x40, 0xa6,
    0x1c, 0x3f, 0xa9, 0x24, 0x00, 0x00, 0x48, 0x00, 0x00, 0x24, 0x00, 0x31, 0xaa, 0x2c, 0x3d, 0x28,
    0x00, 0x31, 0xac, 0x34, 0xbc, 0x2c, 0x00, 0x04, 0x90, 0x00, 0x40, 0x22, 0x0c, 0x43, 0xa9, 0x2c,
    0x00, 0x31, 0x26, 0x1c, 0x42, 0x74, 0x00, 0x00, 0x74, 0x01, 0x00, 0x2c, 0x00, 0xf1, 0x00, 0x2a,
    0x2c, 0x40, 0xa9, 0xac, 0x34, 0x3c, 0xa9, 0x02, 0x0c, 0x03, 0xa9, 0x06, 0x1c, 0x02, 0x3c, 0x01,
    0x22, 0x0a, 0x2c, 0x40, 0x1a, 0x04, 0x34, 0x02, 0x08, 0x02, 0x00, 0x00, 0x40, 0x02, 0x50, 0x20,
    0x0c, 0x01, 0x4e, 0x04, 0x40, 0x02, 0x43, 0x80, 0x01, 0xf1, 0x88, 0x38, 0x02, 0x10, 0xe2, 0x54,
    0x09, 0x70, 0x3c, 0x08, 0x4e, 0x82, 0x00, 0x18, 0x36, 0x70, 0x28, 0x13, 0x81, 0x20, 0x02, 0x30,
    0x82, 0x00, 0x10, 0x10, 0x00, 0x23, 0xb9, 0x81, 0x18, 0x02, 0x10, 0x82, 0xc0, 0x2f, 0xb0, 0x00,
    0x00, 0x39, 0x42, 0x00, 0x08, 0x36, 0x81, 0xe0, 0x1f, 0x78, 0x08, 0x02, 0xf1, 0x09, 0x00, 0x00,
    0x80, 0x3d, 0xc2, 0x00, 0x30, 0x37, 0x80, 0x00, 0x9f, 0x3c, 0x62, 0x00, 0x28, 0x36, 0x00, 0x04,
    0x80, 0x3d, 0x80, 0x00, 0x9e, 0x3c, 0x1c, 0x00, 0xb0, 0x04, 0x80, 0x3d, 0x00, 0x00, 0x01, 0xad,
    0x80, 0x00, 0x3f, 0xad, 0x10, 0x00, 0x40, 0x21, 0x1c, 0x00, 0x12, 0xac, 0x01, 0x00, 0x34, 0x00,
    0xf0, 0x1a, 0x5f, 0x80, 0x02, 0xf1, 0x20, 0x28, 0x40, 0x7a, 0x41, 0x02, 0x00, 0x54, 0xe5, 0x00,
    0x3b, 0xd5, 0xa5, 0x10, 0x40, 0x92, 0xbf, 0x10, 0x00, 0xf1, 0xc1, 0x01, 0x00, 0x54, 0x60, 0x04,
    0x80, 0x3d, 0x60, 0x00, 0x01, 0xad, 0x63, 0xe4, 0x7a, 0x92, 0x82, 0xf8, 0x1e, 0x30, 0x00, 0x02,
    0xd1, 0x60, 0x01, 0x80, 0x63, 0x00, 0x01, 0x91, 0x23, 0x74, 0x0b, 0xd5, 0x18, 0x01, 0x75, 0xa8,
    0xff, 0xff, 0x54, 0x80, 0x00, 0x3e, 0x5c, 0x00, 0x00, 0x28, 0x00, 0x80, 0x63, 0x40, 0x00, 0xd1,
    0x42, 0x40, 0x01, 0xd1, 0x3c, 0x00, 0x4f, 0x60, 0x00, 0x82, 0xad, 0x28, 0x00, 0x01, 0x08, 0x10,
    0x01, 0x0c, 0x02, 0x00, 0x01, 0xd0, 0x04, 0x43, 0x08, 0x41, 0xf9, 0xeb, 0xe0, 0x28, 0xb2, 0xe8,
    0x03, 0x06, 0xaa, 0xc5, 0x14, 0x40, 0x38, 0xe4, 0x40, 0x25, 0x78, 0x08, 0x52, 0xff, 0x1f, 0x37,
    0xbf, 0xb4, 0x8c, 0x09, 0xf0, 0x1a, 0x0c, 0x00, 0x80, 0x52, 0xbf, 0xac, 0x00, 0x71, 0xe0, 0x06,
    0x00, 0x54, 0x7f, 0x78, 0x1b, 0x72, 0x80, 0x05, 0x00, 0x54, 0x6a, 0x7c, 0x40, 0x93, 0x08, 0x00,
    0x80, 0x92, 0x08, 0x09, 0xca, 0x9a, 0x09, 0x7d, 0x0a, 0x9b, 0xe9, 0x03, 0x29, 0x2a, 0x07, 0x24,
    0x25, 0x30, 0x00, 0x80, 0xd2, 0xc0, 0x00, 0x80, 0xa4, 0xc0, 0x00, 0x51, 0x9f, 0x24, 0x00, 0x71,
    0xfc, 0x02, 0xf0, 0x09, 0xa4, 0x04, 0x01, 0x51, 0x9f, 0x64, 0x00, 0x71, 0x08, 0x02, 0x00, 0x54,
    0xa4, 0xdc, 0x00, 0x51, 0x7f, 0x00, 0x04, 0x6b, 0x6d, 0x02, 0x00, 0x54, 0x30, 0x0a, 0xa2, 0xe4,
    0x98, 0x41, 0x3a, 0x07, 0x00, 0x80, 0x12, 0xe0, 0x00, 0x10, 0x00, 0xd0, 0x84, 0x00, 0x49, 0x7a,
    0x8c, 0x00, 0x00, 0x54, 0x84, 0x7c, 0x40, 0x93, 0x27, 0x50, 0x00, 0x30, 0x10, 0x0a, 0x9b, 0x98,
    0x00, 0x62, 0xec, 0xff, 0xff, 0x17, 0xa4, 0x84, 0x48, 0x00, 0x71, 0x88, 0x00, 0x00, 0x54, 0xa4,
    0x5c, 0x01, 0x48, 0x00, 0xf0, 0x05, 0xec, 0xfd, 0xff, 0x54, 0xff, 0x04, 0x00, 0x31, 0x60, 0x02,
    0x00, 0x54, 0x9f, 0x01, 0x00, 0x71, 0x00, 0x04, 0x80, 0xda, 0xc4, 0x30, 0x20, 0x67, 0x02, 0x84,
    0x0f, 0x02, 0xc4, 0x11, 0xf0, 0x11, 0xbf, 0xc0, 0x00, 0x71, 0x80, 0x03, 0x00, 0x54, 0x43, 0x02,
    0x00, 0x35, 0xe8, 0xe7, 0x01, 0xb2, 0x4a, 0x01, 0x80, 0xd2, 0xa9, 0x00, 0x80, 0x52, 0xe3, 0x03,
    0x0a, 0x2a, 0x28, 0x33, 0xe3, 0xf2, 0xb4, 0x13, 0x90, 0xc5, 0x00, 0x40, 0x39, 0x06, 0x09, 0x00,
    0x91, 0xc8, 0x28, 0x13, 0x51, 0x04, 0x80, 0x52, 0x60, 0x01, 0xf0, 0x14, 0x90, 0x92, 0x02, 0xfe,
    0xff, 0xb4, 0xc1, 0x04, 0x00, 0xd1, 0x4c, 0x00, 0x00, 0x5c, 0x32, 0xa2, 0xc3, 0x02, 0x00, 0x34,
    0x0a, 0x02, 0x80, 0xd2, 0xe9, 0x01, 0x40, 0x00, 0x53, 0x08, 0x00, 0xfe, 0x92, 0xc2, 0x40, 0x00,
    0x40, 0x2c, 0x00, 0x80, 0x52, 0x44, 0x00, 0x10, 0xb7, 0xe8, 0x07, 0xf0, 0x08, 0x00, 0x40, 0x39,
    0x00, 0x78, 0x1a, 0x12, 0x00, 0x1c, 0x00, 0x12, 0x1f, 0x60, 0x01, 0x71, 0x41, 0xfe, 0xff, 0x54,
    0xc5, 0x04, 0x40, 0x39, 0x3c, 0x00, 0x20, 0xc6, 0x08, 0xc8, 0x0b, 0x20, 0x0a, 0x2a, 0x44, 0x00,
    0x00, 0x40, 0x00, 0x00, 0xcc, 0x09, 0x53, 0x0a, 0x01, 0x80, 0xd2, 0xe9, 0x94, 0x00, 0x40, 0x08,
    0x00, 0xfc, 0x92, 0xd4, 0x22, 0x0c, 0xb4, 0x01, 0x08, 0x02, 0x00, 0x04, 0xa0, 0x05, 0x00, 0x24,
    0x07, 0x00, 0x8c, 0x17, 0x92, 0xe2, 0x27, 0x00, 0xb9, 0xe1, 0x17, 0x00, 0xf9, 0xd2, 0x1c, 0x19,
    0x90, 0xaa, 0xd0, 0x01, 0x00, 0x94, 0xe3, 0x27, 0x40, 0xb9, 0xc4, 0x16, 0x20, 0xe2, 0x17, 0x8c,
    0x05, 0x15, 0x13, 0x58, 0x27, 0x00, 0x74, 0x28, 0x08, 0x4c, 0x00, 0x0f, 0x02, 0x00, 0x01, 0x00,
    0x40, 0x03, 0xf0, 0x15, 0x22, 0xec, 0x7c, 0x92, 0x40, 0x70, 0x40, 0x4c, 0x01, 0x98, 0x20, 0x4e,
    0x25, 0xf4, 0x7e, 0xd3, 0x22, 0x84, 0x0c, 0x0f, 0x44, 0x00, 0x66, 0x9e, 0x84, 0x24, 0xc5, 0x9a,
    0x24, 0x02, 0x00, 0xb5, 0x40, 0x0c, 0xc1, 0x3c, 0x1c, 0x00, 0x04, 0x18, 0x00, 0xf0, 0x15, 0x64,
    0x04, 0x00, 0xb4, 0x84, 0x00, 0xc0, 0xda, 0x45, 0x00, 0x01, 0xcb, 0x84, 0x10, 0xc0, 0xda, 0xa4,
    0x08, 0x44, 0x8b, 0x44, 0x01, 0x20, 0x36, 0x85, 0x3c, 0x00, 0xd1, 0x20, 0x00, 0xc0, 0x3d, 0x21,
    0x68, 0xe5, 0x3c, 0x10, 0x03, 0x31, 0x01, 0x68, 0xa5, 0x34, 0x03, 0x00, 0x2c, 0x00, 0x00, 0x28,
    0x00, 0xf1, 0x04, 0x84, 0xfc, 0x42, 0xd3, 0x04, 0x01, 0x18, 0x36, 0x85, 0x1c, 0x00, 0xd1, 0x26,
    0x00, 0x40, 0xf9, 0x27, 0x68, 0x65, 0xbc, 0x05, 0x22, 0x07, 0x68, 0x94, 0x06, 0x00, 0x50, 0x02,
    0x23, 0x85, 0x0c, 0xf4, 0x05, 0x61, 0x00, 0x40, 0xb9, 0x27, 0x68, 0x65, 0xc4, 0x05, 0x31, 0x07,
    0x68, 0x25, 0xc4, 0x05, 0xf1, 0x00, 0x64, 0x00, 0x00, 0xb4, 0x26, 0x00, 0x40, 0x79, 0x06, 0x00,
    0x00, 0x79, 0x1f, 0x68, 0x24, 0xb4, 0x05, 0xf1, 0x09, 0x25, 0x00, 0x00, 0xcb, 0x21, 0x00, 0xc0,
    0x3d, 0x43, 0x00, 0x05, 0xcb, 0x01, 0x00, 0x80, 0x3d, 0x60, 0x04, 0x82, 0x3c, 0x40, 0x04, 0xc0,
    0x3d, 0xb0, 0x00, 0x30, 0xa4, 0x21, 0x6e, 0xc8, 0x00, 0xb2, 0x04, 0x01, 0x00, 0xb5, 0x60, 0x00,
    0x9f, 0x3c, 0x40, 0x0c, 0xc2, 0xc8, 0x00, 0x03, 0x18, 0x00, 0x84, 0xa4, 0xfe, 0xff, 0xb4, 0x63,
    0x40, 0x00, 0x91, 0xd8, 0x00, 0x48, 0x63, 0x7c, 0x00, 0xd1, 0xac, 0x00, 0x00, 0x28, 0x17, 0x53,
    0x60, 0x68, 0xe5, 0x3c, 0x60, 0x7c, 0x14, 0x0f, 0x40, 0x01, 0x05, 0x80, 0x04, 0x2c, 0x40, 0x92,
    0x9f, 0x80, 0x3f, 0xf1, 0x98, 0x31, 0xf0, 0x29, 0x02, 0x0c, 0x40, 0xa9, 0xe8, 0xc3, 0x00, 0xb2,
    0x44, 0x00, 0x08, 0xcb, 0x45, 0xd8, 0x00, 0xb2, 0x66, 0x00, 0x08, 0xcb, 0x67, 0xd8, 0x00, 0xb2,
    0x84, 0x00, 0x25, 0xea, 0xc5, 0x00, 0x27, 0x8a, 0xa0, 0x08, 0x40, 0xfa, 0x00, 0x01, 0x00, 0x54,
    0x84, 0x30, 0x85, 0x9a, 0x00, 0x01, 0x80, 0xd2, 0x84, 0x0c, 0xc0, 0xda, 0xe0, 0x33, 0x80, 0x9a,
    0x20, 0x01, 0x40, 0x00, 0x0c, 0x44, 0x8b, 0x54, 0x04, 0x4f, 0x02, 0x0c, 0x41, 0xa9, 0x40, 0x00,
    0x09, 0x14, 0x40, 0x40, 0x00, 0x12, 0x03, 0x40, 0x00, 0x40, 0x06, 0x02, 0x80, 0xd2, 0x40, 0x00,
    0x44, 0xc0, 0x30, 0x80, 0x9a, 0x44, 0x00, 0x00, 0x4c, 0x01, 0xf0, 0x1d, 0x01, 0xe8, 0x7b, 0x92,
    0x21, 0x08, 0xc1, 0xad, 0x20, 0xac, 0x22, 0x6e, 0x00, 0xac, 0x20, 0x6e, 0x00, 0x98, 0x20, 0x0e,
    0x03, 0x00, 0x66, 0x9e, 0x63, 0xff, 0xff, 0xb4, 0x20, 0x98, 0x20, 0x4e, 0x20, 0x00, 0x00, 0xcb,
    0x63, 0x00, 0x00, 0x35, 0x40, 0x98, 0x20, 0x4e, 0xcc, 0x2c, 0x41, 0x00, 0x84, 0x0c, 0x0f, 0x20,
    0x00, 0xa1, 0x00, 0xc0, 0xda, 0x62, 0x10, 0xc0, 0xda, 0x00, 0x08, 0x42, 0x90, 0x00, 0x00, 0x48,
    0x00, 0xf0, 0x19, 0x62, 0x80, 0x81, 0x52, 0x02, 0x06, 0xb8, 0x72, 0x21, 0xa0, 0x40, 0x4c, 0x40,
    0x0c, 0x04, 0x4e, 0x21, 0x98, 0x20, 0x4e, 0x42, 0x98, 0x20, 0x4e, 0x21, 0x1c, 0x20, 0x4e, 0x42,
    0x1c, 0x20, 0x4e, 0x20, 0xbc, 0x22, 0x4e, 0x00, 0xbc, 0x20, 0x4e, 0x40, 0x00, 0xf0, 0x02, 0x04,
    0xf8, 0x7f, 0xd3, 0x63, 0x24, 0xc4, 0x9a, 0x23, 0xfc, 0xff, 0xb4, 0x63, 0x00, 0xc0, 0xda, 0x60,
    0x4c, 0x00, 0x30, 0xfc, 0x41, 0xd3, 0xdc, 0x00, 0x0c, 0x44, 0x01, 0x00, 0x80, 0x02, 0xf1, 0x1e,
    0x42, 0x0d, 0x00, 0xb4, 0x08, 0x00, 0x01, 0xca, 0xeb, 0xc3, 0x00, 0xb2, 0x1f, 0x09, 0x40, 0xf2,
    0x0d, 0x08, 0x40, 0x92, 0xc1, 0x04, 0x00, 0x54, 0x0d, 0x03, 0x00, 0xb5, 0x03, 0x84, 0x40, 0xf8,
    0x24, 0x84, 0x40, 0xf8, 0x42, 0x20, 0x00, 0xf1, 0x68, 0x00, 0x0b, 0xcb, 0x69, 0x54, 0x01, 0xf0,
    0x17, 0x04, 0xca, 0xce, 0x80, 0x9f, 0xda, 0x05, 0x01, 0x29, 0xea, 0xc0, 0x09, 0x40, 0xfa, 0xe0,
    0xfe, 0xff, 0x54, 0xc7, 0x00, 0x05, 0xaa, 0x42, 0x20, 0x00, 0x91, 0xe7, 0x0c, 0xc0, 0xda, 0x63,
    0x0c, 0xc0, 0xda, 0xec, 0x10, 0xc0, 0xda, 0x5c, 0x01, 0xf1, 0x09, 0x63, 0x20, 0xcc, 0x9a, 0x5f,
    0x0c, 0x4c, 0xeb, 0x84, 0x20, 0xcc, 0x9a, 0x63, 0xfc, 0x78, 0xd3, 0x60, 0xe0, 0x44, 0xcb, 0x00,
    0x80, 0x9f, 0x9a, 0x8c, 0x00, 0x70, 0xf0, 0x7d, 0x92, 0x21, 0xf0, 0x7d, 0x92, 0x64, 0x00, 0x40,
    0xea, 0x0f, 0x0d, 0xcb, 0x68, 0x00, 0xf0, 0x0d, 0x09, 0x00, 0x80, 0x92, 0x29, 0x25, 0xca, 0x9a,
    0x42, 0x00, 0x0d, 0xab, 0x42, 0x30, 0x9f, 0xda, 0x63, 0x00, 0x09, 0xaa, 0x84, 0x00, 0x09, 0xaa,
    0xe0, 0xff, 0xff, 0x17, 0x54, 0x01, 0x00, 0x94, 0x08, 0xf0, 0x11, 0x22, 0x01, 0x00, 0x54, 0x03,
    0x14, 0x40, 0x38, 0x24, 0x14, 0x40, 0x38, 0x42, 0x04, 0x00, 0xf1, 0x60, 0x88, 0x41, 0x7a, 0x60,
    0x20, 0x44, 0x7a, 0x60, 0xff, 0xff, 0x54, 0x60, 0x00, 0x04, 0xcb, 0x5c, 0x00, 0xf4, 0x01, 0x6d,
    0x01, 0x00, 0xb4, 0xed, 0x03, 0x0d, 0xcb, 0xad, 0x09, 0x40, 0x92, 0x42, 0x00, 0x0d, 0xcb, 0x30,
    0x00, 0x00, 0x44, 0x0a, 0x00, 0x2c, 0x00, 0xf0, 0x01, 0xc1, 0xfe, 0xff, 0x54, 0xad, 0x05, 0x00,
    0xf1, 0x48, 0xff, 0xff, 0x54, 0x2c, 0xf0, 0x7d, 0xd3, 0x08, 0x1b, 0x80, 0x0d, 0x00, 0x80, 0x92,
    0xef, 0x03, 0x0c, 0xcb, 0x90, 0x00, 0xf0, 0x09, 0x28, 0x24, 0xc1, 0xa8, 0xad, 0x21, 0xcf, 0x9a,
    0xef, 0x15, 0x40, 0x92, 0xac, 0x01, 0x30, 0x37, 0x04, 0x25, 0xcc, 0x9a, 0x28, 0x21, 0xcf, 0x9a,
    0x08, 0x01, 0x80, 0x84, 0x00, 0x08, 0xaa, 0x65, 0x00, 0x0b, 0xcb, 0x08, 0x01, 0x40, 0x6a, 0xd8,
    0x00, 0xb2, 0x0c, 0x01, 0xb2, 0xa5, 0x00, 0x2a, 0x8a, 0xca, 0x01, 0x05, 0xaa, 0xca, 0xf7, 0xff,
    0x34, 0x01, 0x30, 0x25, 0xcc, 0x9a, 0x24, 0x00, 0x00, 0x20, 0x00, 0x40, 0x86, 0x00, 0x03, 0xca,
    0x20, 0x00, 0x40, 0x5f, 0x0c, 0x4f, 0xeb, 0x28, 0x01, 0xc0, 0xe7, 0x00, 0x2d, 0x8a, 0xea, 0x80,
    0x9f, 0xda, 0xaa, 0xf6, 0xff, 0xb5, 0x68, 0x00, 0x00, 0x84, 0x0d, 0x40, 0x04, 0x21, 0xcf, 0x9a,
    0x28, 0x00, 0x02, 0x20, 0x00, 0x12, 0x0d, 0x20, 0x00, 0x12, 0xf5, 0x4c, 0x00, 0x40, 0x42, 0x20,
    0x00, 0xd1, 0x00, 0x01, 0x00, 0xc4, 0x1b, 0x0c, 0xc4, 0x01, 0x08, 0xa0, 0x04, 0x01, 0xf8, 0x19,
    0x30, 0x06, 0x41, 0xf9, 0xe8, 0x12, 0xb1, 0x15, 0x00, 0x00, 0xf0, 0xb5, 0x12, 0x41, 0xf9, 0x9f,
    0x02, 0x15, 0x78, 0x3c, 0x40, 0x94, 0x02, 0x15, 0xcb, 0x7c, 0x37, 0x40, 0x94, 0xfe, 0x43, 0x93,
    0x48, 0x01, 0x04, 0x04, 0x00, 0x40, 0xa0, 0x7a, 0x73, 0xf8, 0xe0, 0x12, 0xc1, 0x00, 0x00, 0x3f,
    0xd6, 0x9f, 0x02, 0x13, 0xeb, 0x88, 0xff, 0xff, 0x54, 0x48, 0x00, 0x71, 0xf2, 0x40, 0xf9, 0xa1,
    0x00, 0x00, 0x94, 0x48, 0x00, 0x12, 0x0e, 0x48, 0x00, 0x00, 0xf8, 0x02, 0x0c, 0x48, 0x00, 0x0f,
    0x40, 0x00, 0x01, 0x0f, 0x20, 0x13, 0x09, 0x0c, 0x02, 0x00, 0xf0, 0x11, 0x23, 0x00, 0x00, 0xaa,
    0x7f, 0x08, 0x40, 0xf2, 0xe3, 0x03, 0x00, 0xaa, 0x40, 0x08, 0x47, 0xfa, 0x08, 0x03, 0x00, 0x54,
    0x44, 0x04, 0x00, 0xd1, 0x27, 0x00, 0x80, 0xd2, 0x25, 0x00, 0x04, 0x8b, 0x88, 0x0e, 0x40, 0xe4,
    0x00, 0x02, 0xcb, 0x9c, 0x16, 0xf0, 0x09, 0x46, 0x04, 0x00, 0xd1, 0xa4, 0x68, 0x64, 0x38, 0x24,
    0x14, 0x00, 0x38, 0xa4, 0x00, 0x00, 0x34, 0xe3, 0x03, 0x01, 0xaa, 0xe2, 0x03, 0x06, 0xaa, 0x88,
    0x0e, 0x00, 0x18, 0x01, 0x84, 0x63, 0x00, 0x02, 0x8b, 0xc6, 0xff, 0xff, 0xb4, 0xdc, 0x00, 0x00,
    0x08, 0x00, 0xc0, 0x3f, 0x14, 0x00, 0x38, 0x3f, 0x00, 0x03, 0xeb, 0xc1, 0xff, 0xff, 0x54, 0x24,
    0x00, 0x80, 0xe6, 0xdb, 0x07, 0xb2, 0xe6, 0xdf, 0x9f, 0xf2, 0x1c, 0x00, 0x00, 0x04, 0x00, 0xf0,
    0x01, 0x25, 0x00, 0x40, 0xf9, 0xa4, 0x00, 0x06, 0x8b, 0x84, 0x00, 0x25, 0x8a, 0x9f, 0xc0, 0x01,
    0xf2, 0x14, 0x35, 0x00, 0x70, 0x01, 0x80, 0x65, 0x84, 0x00, 0xf8, 0x21, 0x20, 0x00, 0x91, 0x28,
    0x0f, 0x40, 0xe8, 0xfe, 0xff, 0x54, 0x8c, 0x24, 0x0c, 0xbc, 0x00, 0x00, 0x02, 0x00, 0x00, 0x40,
    0x03, 0x40, 0x2a, 0x00, 0x00, 0xcb, 0x74, 0x04, 0xf0, 0x01, 0x06, 0x08, 0x40, 0x92, 0x5f, 0x09,
    0x40, 0xf2, 0x01, 0x04, 0x00, 0x54, 0xc6, 0x02, 0x00, 0xb5, 0x60, 0x00, 0x80, 0x03, 0x68, 0x6a,
    0xf8, 0x02, 0x84, 0x40, 0xf8, 0x50, 0x04, 0x11, 0x46, 0x88, 0x04, 0xf3, 0x08, 0x26, 0xea, 0x40,
    0x00, 0x43, 0xfa, 0x40, 0xff, 0xff, 0x54, 0x45, 0x00, 0x03, 0xca, 0xa6, 0x00, 0x04, 0xaa, 0xc6,
    0x0c, 0xc0, 0xda, 0x42, 0x38, 0x03, 0xf1, 0x04, 0xc9, 0x10, 0xc0, 0xda, 0x42, 0x20, 0xc9, 0x9a,
    0x63, 0x20, 0xc9, 0x9a, 0x42, 0xfc, 0x78, 0xd3, 0x40, 0xe0, 0x43, 0xd0, 0x02, 0x00, 0x4c, 0x00,
    0x00, 0x04, 0x00, 0x10, 0x00, 0x30, 0x03, 0x03, 0x54, 0x00, 0xf0, 0x15, 0xe9, 0x0f, 0x01, 0xcb,
    0x06, 0x00, 0x80, 0x92, 0xc6, 0x24, 0xc9, 0x9a, 0x42, 0x00, 0x06, 0xaa, 0x63, 0x00, 0x06, 0xaa,
    0xe6, 0xff, 0xff, 0x17, 0x06, 0x01, 0x00, 0xb4, 0x02, 0x14, 0x40, 0x38, 0x23, 0x14, 0x40, 0x38,
    0x6c, 0x2d, 0x40, 0x40, 0x10, 0x43, 0x7a, 0x80, 0x2f, 0x40, 0x1f, 0x08, 0x40, 0xf2, 0x6c, 0x0f,
    0x00, 0x38, 0x00, 0x00, 0x78, 0x03, 0xf3, 0x02, 0x27, 0x84, 0x40, 0xf8, 0x06, 0x25, 0xc9, 0x9a,
    0xe7, 0x00, 0x06, 0xaa, 0xe4, 0x00, 0x08, 0xcb, 0xe6, 0xa0, 0x00, 0x40, 0xe1, 0x01, 0x00, 0x54,
    0xd8, 0x05, 0x00, 0x70, 0x00, 0x40, 0x07, 0x68, 0x65, 0xf8, 0xc4, 0x00, 0x04, 0x20, 0x00, 0x00,
    0xcc, 0x00, 0x04, 0xc4, 0x00, 0x00, 0x98, 0x32, 0x42, 0x86, 0x20, 0xc9, 0x9a, 0xc8, 0x00, 0x80,
    0x06, 0xaa, 0xc6, 0xf9, 0xff, 0xb5, 0x02, 0x00, 0x3c, 0x3d, 0x84, 0x09, 0xcb, 0xe3, 0x24, 0xc9,
    0x9a, 0x84, 0x24, 0x1c, 0x00, 0x30, 0x04, 0xaa, 0xc7, 0xf0, 0x07, 0x21, 0x00, 0x03, 0xcc, 0x00,
    0x00, 0x38, 0x01, 0x07, 0x02, 0x00, 0xb1, 0xf0, 0x00, 0xc4, 0x40, 0xf9, 0x40, 0x00, 0x00, 0xb4,
    0x49, 0xfc, 0x64, 0x01, 0x32, 0xf0, 0x00, 0xfc, 0x64, 0x0e, 0x00, 0xb0, 0x01, 0x00, 0xcc, 0x0e,
    0xf0, 0x03, 0xfb, 0x73, 0xbf, 0xa9, 0xf9, 0x6b, 0xbf, 0xa9, 0xf7, 0x63, 0xbf, 0xa9, 0xf5, 0x5b,
    0xbf, 0xa9, 0xf3, 0x53, 0x04, 0x00, 0xf0, 0x03, 0xc1, 0xa8, 0xf5, 0x5b, 0xc1, 0xa8, 0xf7, 0x63,
    0xc1, 0xa8, 0xf9, 0x6b, 0xc1, 0xa8, 0xfb, 0x73, 0xc1, 0xa8, 0x28, 0x0f, 0x00, 0x34, 0x00, 0x00,
    0x5c, 0x00, 0x0f, 0x38, 0x00, 0x20, 0x50, 0xd6, 0x00, 0x00, 0x00, 0x00, 0xb0, 0x00, 0x00, 0x00,
    0x00, 0x03, 0x00, 0x00, 0x00, 0x68, 0x62, 0x6c, 0x0b, 0x00, 0x30, 0x00, 0x00, 0x80, 0x05, 0x00,
    0x02, 0x14, 0x00, 0x50, 0x00, 0xe0, 0xbf, 0xff, 0x3f, 0x0d, 0x00, 0x51, 0x00, 0x00, 0x00, 0xf8,
    0x90, 0x07, 0x00, 0x32, 0x00, 0x41, 0x3a, 0x08, 0x00, 0x13, 0x01, 0x38, 0x00, 0x0f, 0x02, 0x00,
    0x19, 0x11, 0x03, 0x36, 0x00, 0x0e, 0x02, 0x00, 0x53, 0x03, 0x00, 0x14, 0x00, 0x00, 0x60, 0x00,
    0x0c, 0x02, 0x00, 0xf1, 0x24, 0x69, 0x66, 0x20, 0x74, 0x68, 0x69, 0x73, 0x20, 0x69, 0x73, 0x6e,
    0x27, 0x74, 0x20, 0x72, 0x65, 0x70, 0x6c, 0x61, 0x63, 0x65, 0x64, 0x20, 0x69, 0x20, 0x77, 0x69,
    0x6c, 0x6c, 0x20, 0x65, 0x78, 0x69, 0x74, 0x20, 0x3a, 0x29, 0x00, 0x00, 0x00, 0x73, 0x64, 0x6d,
    0x63, 0x3a, 0x2f, 0x00, 0x00, 0x61, 0x6d, 0x73, 0x43, 0x00, 0x22, 0x73, 0x6d, 0xa9, 0x00, 0x81,
    0x5f, 0x4e, 0x58, 0x4c, 0x49, 0x4e, 0x4b, 0x5f, 0x15, 0x00, 0x00, 0x28, 0x00, 0xcf, 0x70, 0x68,
    0x61, 0x69, 0x72, 0x61, 0x20, 0x33, 0x2e, 0x30, 0x2e, 0x30, 0x60, 0x00, 0x10, 0xf1, 0x01, 0x48,
    0x42, 0x3c, 0x38, 0x34, 0x31, 0x2a, 0xf4, 0xf4, 0x26, 0x22, 0xf4, 0xf4, 0x1b, 0x17, 0x11, 0x45,
    0x00, 0x00, 0x02, 0x00, 0x14, 0x20, 0x01, 0x00, 0x10, 0x28, 0x01, 0x00, 0x04, 0x0d, 0x00, 0x06,
    0x02, 0x00, 0x2a, 0x88, 0x10, 0x01, 0x00, 0x15, 0x04, 0x01, 0x00, 0x03, 0x18, 0x00, 0x11, 0x41,
    0x01, 0x00, 0x1f, 0x01, 0x01, 0x00, 0x00, 0x02, 0x21, 0x00, 0x11, 0x42, 0x01, 0x00, 0x1f, 0x02,
    0x01, 0x00, 0x00, 0x00, 0x20, 0x00, 0x10, 0x20, 0x84, 0x00, 0x0f, 0x02, 0x00, 0x70, 0x13, 0x04,
    0x84, 0x00, 0x13, 0x10, 0x08, 0x00, 0xf0, 0x0a, 0x01, 0x7a, 0x52, 0x00, 0x04, 0x78, 0x1e, 0x01,
    0x1b, 0x0c, 0x1f, 0x00, 0x1c, 0x00, 0x00, 0x00, 0x18, 0x00, 0x00, 0x00, 0x5c, 0xa1, 0xff, 0xff,
    0x50, 0x20, 0x00, 0xb0, 0x47, 0x0e, 0x10, 0x9d, 0x02, 0x9e, 0x01, 0x47, 0xde, 0xdd, 0x0e, 0x0f,
    0x00, 0x00, 0x34, 0x00, 0x90, 0x38, 0x00, 0x00, 0x00, 0x9c, 0xa1, 0xff, 0xff, 0x24, 0x11, 0x00,
    0x30, 0x00, 0x00, 0x00, 0xd8, 0x00, 0x81, 0x4c, 0x00, 0x00, 0x00, 0xb8, 0xa1, 0xff, 0xff, 0x13,
    0x02, 0xf6, 0x3e, 0x41, 0x0e, 0x30, 0x9d, 0x06, 0x9e, 0x05, 0x46, 0x93, 0x04, 0x5a, 0x0a, 0xde,
    0xdd, 0xd3, 0x0e, 0x00, 0x41, 0x0b, 0x40, 0x00, 0x00, 0x00, 0x70, 0x00, 0x00, 0x00, 0x24, 0xa2,
    0xff, 0xff, 0x5c, 0x0b, 0x00, 0x00, 0x00, 0x44, 0x0e, 0xd0, 0x31, 0x41, 0x9d, 0x9a, 0x06, 0x9e,
    0x99, 0x06, 0x42, 0x93, 0x98, 0x06, 0x94, 0x97, 0x06, 0x59, 0x95, 0x96, 0x06, 0x96, 0x95, 0x06,
    0x4a, 0x98, 0x93, 0x06, 0x97, 0x94, 0x06, 0x41, 0x99, 0x92, 0x06, 0x6d, 0xd7, 0xd8, 0xd9, 0x47,
    0x0f, 0x00, 0x00, 0x68, 0x00, 0xa0, 0xb4, 0x00, 0x00, 0x00, 0x30, 0x9e, 0xff, 0xff, 0x7c, 0x02,
    0xd9, 0x02, 0xf0, 0x03, 0x0e, 0x90, 0x01, 0x9d, 0x12, 0x9e, 0x11, 0x49, 0x93, 0x10, 0x94, 0x0f,
    0x95, 0x0e, 0x96, 0x0d, 0x97, 0x0c, 0xa0, 0x00, 0x80, 0xd8, 0x00, 0x00, 0x00, 0x1c, 0xad, 0xff,
    0xff, 0xcc, 0x00, 0x00, 0x02, 0x00, 0x00, 0xa8, 0x00, 0x90, 0xec, 0x00, 0x00, 0x00, 0x28, 0xad,
    0xff, 0xff, 0xbc, 0x11, 0x00, 0xc4, 0x41, 0x0e, 0xb0, 0x02, 0x9d, 0x26, 0x9e, 0x25, 0x45, 0x93,
    0x24, 0x51, 0xa1, 0x00, 0x20, 0x00, 0x00, 0xd2, 0x02, 0x90, 0x00, 0x14, 0x01, 0x00, 0x00, 0xc0,
    0xad, 0xff, 0xff, 0x48, 0x00, 0x22, 0x00, 0x41, 0xfc, 0x00, 0x9f, 0x14, 0x00, 0x00, 0x00, 0x2c,
    0x01, 0x00, 0x00, 0xb8, 0x18, 0x00, 0x00, 0x5b, 0x44, 0x01, 0x00, 0x00, 0xb0, 0x18, 0x00, 0x00,
    0x3c, 0x00, 0x90, 0x5c, 0x01, 0x00, 0x00, 0xa8, 0xad, 0xff, 0xff, 0x28, 0x70, 0x00, 0x03, 0x38,
    0x01, 0x80, 0x70, 0x01, 0x00, 0x00, 0xbc, 0xad, 0xff, 0xff, 0x60, 0x01, 0x00, 0x02, 0x00, 0x54,
    0x34, 0x00, 0x00, 0x00, 0x84, 0x70, 0x00, 0x11, 0x04, 0x70, 0x00, 0xf0, 0x11, 0x80, 0x02, 0x9d,
    0x20, 0x9e, 0x1f, 0x42, 0x93, 0x1e, 0x94, 0x1d, 0x43, 0x95, 0x1c, 0x96, 0x1b, 0x43, 0x97, 0x1a,
    0x98, 0x19, 0x02, 0xe7, 0x0a, 0xde, 0xdd, 0xd7, 0xd8, 0xd5, 0xd6, 0xd3, 0xd4, 0x4b, 0x01, 0x01,
    0xa4, 0x01, 0x80, 0xbc, 0x01, 0x00, 0x00, 0x98, 0xb1, 0xff, 0xff, 0x14, 0x01, 0x93, 0x00, 0x41,
    0x0e, 0x20, 0x9d, 0x04, 0x9e, 0x03, 0x46, 0xa4, 0x01, 0x00, 0xf0, 0x00, 0x13, 0xdc, 0x20, 0x00,
    0x10, 0xb0, 0x69, 0x00, 0xf0, 0x04, 0x41, 0x0e, 0x60, 0x9d, 0x0c, 0x9e, 0x0b, 0x42, 0x93, 0x0a,
    0x94, 0x09, 0x43, 0x95, 0x08, 0x65, 0xde, 0xdd, 0xd5, 0x4b, 0x00, 0xd0, 0xf0, 0x00, 0x00, 0x00,
    0x04, 0x02, 0x00, 0x00, 0x20, 0xb2, 0xff, 0xff, 0x4c, 0x51, 0x04, 0x04, 0x50, 0x01, 0x10, 0x42,
    0x4c, 0x01, 0xf1, 0x14, 0x4a, 0x94, 0x0f, 0x93, 0x10, 0x44, 0x98, 0x0b, 0x97, 0x0c, 0x41, 0x9a,
    0x09, 0x99, 0x0a, 0x59, 0x9b, 0x08, 0x56, 0xd4, 0xd3, 0x41, 0xd8, 0xd7, 0x41, 0xda, 0xd9, 0x41,
    0xdb, 0x43, 0xde, 0xdd, 0xd5, 0xd6, 0x0e, 0x81, 0x01, 0x06, 0x7c, 0x01, 0x60, 0x98, 0x0b, 0x99,
    0x0a, 0x9a, 0x09, 0x91, 0x01, 0x14, 0x4d, 0x2a, 0x00, 0x1f, 0x42, 0x28, 0x00, 0x07, 0x20, 0x9b,
    0x08, 0x2a, 0x00, 0x3f, 0x60, 0xdb, 0x42, 0x2c, 0x00, 0x10, 0x00, 0x2a, 0x00, 0x41, 0x41, 0xd4,
    0xd3, 0x42, 0x7e, 0x00, 0x0f, 0x54, 0x00, 0x0e, 0x34, 0x7d, 0xdb, 0x41, 0x54, 0x00, 0x10, 0x41,
    0x9e, 0x00, 0x04, 0x9a, 0x00, 0x31, 0x42, 0x9b, 0x08, 0xac, 0x02, 0x92, 0xf8, 0x02, 0x00, 0x00,
    0x7c, 0xb4, 0xff, 0xff, 0xa4, 0x1c, 0x01, 0x01, 0xac, 0x02, 0xb1, 0x43, 0x93, 0x04, 0x94, 0x03,
    0x42, 0x96, 0x01, 0x95, 0x02, 0x00, 0x60, 0x01, 0x97, 0x1c, 0x03, 0x00, 0x00, 0x08, 0xb5, 0xff,
    0xff, 0xac, 0x24, 0x00, 0x10, 0x45, 0x24, 0x00, 0x30, 0x45, 0x95, 0x02, 0xe0, 0x01, 0x90, 0x3c,
    0x03, 0x00, 0x00, 0x98, 0xb5, 0xff, 0xff, 0x08, 0x20, 0x00, 0x00, 0x70, 0x02, 0xc0, 0x00, 0x00,
    0x00, 0x50, 0x03, 0x00, 0x00, 0x94, 0xb5, 0xff, 0xff, 0x2c, 0x12, 0x00, 0x03, 0x94, 0x01, 0x13,
    0x49, 0x94, 0x01, 0x00, 0xa8, 0x01, 0x63, 0x70, 0x03, 0x00, 0x00, 0xa4, 0xb5, 0x78, 0x00, 0x12,
    0x49, 0xb4, 0x01, 0x20, 0x59, 0x0a, 0x21, 0x00, 0x01, 0x7f, 0x02, 0x10, 0x00, 0x38, 0x00, 0x92,
    0x94, 0x03, 0x00, 0x00, 0x30, 0xb6, 0xff, 0xff, 0x64, 0x44, 0x00, 0x06, 0x9c, 0x00, 0x10, 0x48,
    0xa9, 0x02, 0x01, 0x00, 0x02, 0x12, 0x4b, 0x09, 0x00, 0x20, 0x00, 0x00, 0x88, 0x00, 0x80, 0xc4,
    0x03, 0x00, 0x00, 0x70, 0xb6, 0xff, 0xff, 0x3f, 0x02, 0x00, 0x02, 0x00, 0x00, 0x64, 0x03, 0x50,
    0xd8, 0x03, 0x00, 0x00, 0x6c, 0x44, 0x00, 0x00, 0xbb, 0x05, 0xf1, 0x12, 0x41, 0x0e, 0xb0, 0x01,
    0x9d, 0x16, 0x9e, 0x15, 0x44, 0x93, 0x14, 0x94, 0x13, 0x95, 0x12, 0x96, 0x11, 0x47, 0x98, 0x0f,
    0x97, 0x10, 0x48, 0x9a, 0x0d, 0x99, 0x0e, 0x43, 0x9c, 0x0b, 0x9b, 0x0c, 0x66, 0x54, 0x01, 0x40,
    0x41, 0xdc, 0xdb, 0x44, 0xab, 0x01, 0x00, 0x17, 0x02, 0x00, 0x32, 0x00, 0x04, 0x2d, 0x00, 0xc0,
    0x97, 0x10, 0x98, 0x0f, 0x99, 0x0e, 0x9a, 0x0d, 0x9b, 0x0c, 0x9c, 0x0b, 0x46, 0x00, 0x51, 0x4c,
    0x0a, 0xd8, 0xd7, 0x42, 0x2f, 0x00, 0x01, 0x02, 0x02, 0x01, 0x2f, 0x00, 0x10, 0x0b, 0xb8, 0x00,
    0x92, 0x4c, 0x04, 0x00, 0x00, 0x68, 0xb7, 0xff, 0xff, 0x40, 0x74, 0x00, 0x01, 0xb8, 0x00, 0x40,
    0x44, 0x93, 0x04, 0x6f, 0xb6, 0x00, 0x00, 0xe0, 0x00, 0x14, 0x56, 0x09, 0x00, 0x03, 0x0c, 0x03,
    0x90, 0x7c, 0x04, 0x00, 0x00, 0x78, 0xb8, 0xff, 0xff, 0x0c, 0xb5, 0x00, 0x03, 0x14, 0x00, 0x57,
    0x90, 0x04, 0x00, 0x00, 0x74, 0x14, 0x00, 0x00, 0x58, 0x00, 0x63, 0xa4, 0x04, 0x00, 0x00, 0x70,
    0xb8, 0x8c, 0x04, 0x03, 0x54, 0x01, 0x60, 0x42, 0x93, 0x02, 0x94, 0x01, 0x4c, 0x51, 0x00, 0x01,
    0x10, 0x01, 0x14, 0x43, 0x10, 0x01, 0x00, 0x30, 0x00, 0x90, 0xd4, 0x04, 0x00, 0x00, 0x90, 0xb8,
    0xff, 0xff, 0x68, 0x56, 0x00, 0x08, 0x30, 0x00, 0x1e, 0x52, 0x30, 0x00, 0x10, 0x54, 0x00, 0x03,
    0x82, 0x05, 0x00, 0x00, 0xd0, 0xb8, 0xff, 0xff, 0x18, 0xb8, 0x00, 0xf1, 0x0b, 0x50, 0x9d, 0x0a,
    0x9e, 0x09, 0x42, 0x93, 0x08, 0x94, 0x07, 0x42, 0x95, 0x06, 0x96, 0x05, 0x45, 0x98, 0x03, 0x97,
    0x04, 0x41, 0x9a, 0x01, 0x99, 0x02, 0x68, 0x27, 0x01, 0x06, 0xf5, 0x00, 0x20, 0x0e, 0x50, 0x25,
    0x00, 0x00, 0x24, 0x00, 0x00, 0x32, 0x00, 0x14, 0x4d, 0x3c, 0x01, 0x00, 0x76, 0x00, 0x01, 0xc8,
    0x01, 0x80, 0x5c, 0x05, 0x00, 0x00, 0x98, 0xb9, 0xff, 0xff, 0xb0, 0x04, 0x04, 0xa0, 0x03, 0x10,
    0x44, 0xb8, 0x00, 0x01, 0x71, 0x04, 0x01, 0xb8, 0x00, 0x14, 0x55, 0xb8, 0x00, 0x00, 0xd4, 0x06,
    0x92, 0x8c, 0x05, 0x00, 0x00, 0x28, 0xba, 0xff, 0xff, 0x8c, 0xd8, 0x04, 0x01, 0xb0, 0x03, 0x10,
    0x45, 0xb0, 0x03, 0x90, 0x95, 0x08, 0x96, 0x07, 0x44, 0x97, 0x06, 0x02, 0x5b, 0x04, 0x04, 0x04,
    0x72, 0x01, 0x02, 0x3c, 0x04, 0x90, 0xc0, 0x05, 0x00, 0x00, 0x84, 0xbc, 0xff, 0xff, 0xf8, 0x76,
    0x00, 0x06, 0x74, 0x01, 0x35, 0x94, 0x03, 0x4f, 0xec, 0x00, 0x06, 0xf6, 0x00, 0x03, 0x6e, 0x00,
    0x10, 0x38, 0x18, 0x08, 0x8f, 0x05, 0x00, 0x00, 0x4c, 0xbd, 0xff, 0xff, 0x7c, 0xf4, 0x00, 0x02,
    0xe7, 0x43, 0x97, 0x04, 0x98, 0x03, 0x43, 0x99, 0x02, 0x02, 0x45, 0x0a, 0xde, 0xdd, 0xd9, 0x77,
    0x04, 0x01, 0x3c, 0x00, 0x80, 0x34, 0x06, 0x00, 0x00, 0x90, 0xbe, 0xff, 0xff, 0x44, 0x03, 0x04,
    0x74, 0x00, 0x01, 0x3c, 0x03, 0x40, 0x95, 0x02, 0x96, 0x01, 0x78, 0x00, 0x04, 0xa3, 0x00, 0x27,
    0x02, 0x89, 0x0d, 0x00, 0x02, 0xac, 0x02, 0x66, 0x70, 0x06, 0x00, 0x00, 0x54, 0xc1, 0x34, 0x03,
    0x00, 0xc0, 0x02, 0x5b, 0x84, 0x06, 0x00, 0x00, 0x50, 0x14, 0x00, 0x5b, 0x98, 0x06, 0x00, 0x00,
    0x4c, 0x14, 0x00, 0x66, 0xac, 0x06, 0x00, 0x00, 0x48, 0xc1, 0xe8, 0x02, 0x00, 0x58, 0x05, 0x92,
    0xc0, 0x06, 0x00, 0x00, 0x44, 0xc1, 0xff, 0xff, 0x14, 0x34, 0x01, 0xe0, 0x70, 0x9d, 0x0e, 0x9e,
    0x0d, 0x48, 0x93, 0x0c, 0x94, 0x0b, 0x95, 0x0a, 0x02, 0x5f, 0x7e, 0x00, 0x02, 0x9f, 0x02, 0x01,
    0x28, 0x03, 0x66, 0xec, 0x06, 0x00, 0x00, 0x38, 0xc3, 0x40, 0x00, 0x00, 0x24, 0x05, 0x92, 0x00,
    0x07, 0x00, 0x00, 0x34, 0xc3, 0xff, 0xff, 0xe8, 0x08, 0x01, 0xc5, 0x40, 0x9d, 0x08, 0x9e, 0x07,
    0x44, 0x93, 0x06, 0x94, 0x05, 0x02, 0x58, 0x41, 0x01, 0x00, 0xa4, 0x00, 0x66, 0x28, 0x07, 0x00,
    0x00, 0xfc, 0xc4, 0x3c, 0x00, 0x00, 0xcc, 0x03, 0x92, 0x3c, 0x07, 0x00, 0x00, 0xf8, 0xc4, 0xff,
    0xff, 0xd0, 0x7c, 0x01, 0x01, 0x80, 0x05, 0x40, 0x44, 0x93, 0x02, 0x64, 0x39, 0x00, 0x40, 0x0e,
    0x00, 0x41, 0x0b, 0x60, 0x00, 0x90, 0x60, 0x07, 0x00, 0x00, 0xa4, 0xc5, 0xff, 0xff, 0x78, 0x24,
    0x00, 0x03, 0xf0, 0x03, 0x13, 0x4d, 0xf0, 0x03, 0x04, 0xac, 0x05, 0x00, 0xfc, 0x01, 0x10, 0x88,
    0x60, 0x00, 0x40, 0xc5, 0xff, 0xff, 0xa0, 0x28, 0x00, 0x03, 0x54, 0x01, 0x10, 0x42, 0xc8, 0x01,
    0x46, 0x42, 0x95, 0x02, 0x4e, 0xc8, 0x00, 0x13, 0x53, 0xb7, 0x05, 0x01, 0xc4, 0x04, 0x9a, 0xbc,
    0x07, 0x00, 0x00, 0x68, 0xc6, 0xff, 0xff, 0x48, 0x34, 0x00, 0x11, 0x4e, 0x6f, 0x07, 0x00, 0xec,
    0x06, 0x00, 0x0b, 0x0a, 0x46, 0x07, 0x00, 0x00, 0x94, 0x24, 0x00, 0x01, 0xa4, 0x00, 0x44, 0x42,
    0x93, 0x02, 0x49, 0xa4, 0x00, 0x13, 0x44, 0x2d, 0x00, 0x00, 0xd0, 0x00, 0x92, 0x0c, 0x08, 0x00,
    0x00, 0xb8, 0xc6, 0xff, 0xff, 0xcc, 0x50, 0x00, 0x01, 0x2c, 0x00, 0x44, 0x45, 0x93, 0x02, 0x62,
    0x2c, 0x00, 0x00, 0xd0, 0x00, 0x6f, 0x30, 0x08, 0x00, 0x00, 0x64, 0xc7, 0xd0, 0x00, 0x0b, 0x00,
    0x2c, 0x07, 0x63, 0x58, 0x08, 0x00, 0x00, 0xbc, 0xc7, 0x9c, 0x00, 0x12, 0x4f, 0x44, 0x07, 0x00,
    0x48, 0x01, 0x80, 0x70, 0x08, 0x00, 0x00, 0xf4, 0xc7, 0xff, 0xff, 0x78, 0x03, 0x00, 0x02, 0x00,
    0x00, 0x50, 0x02, 0x92, 0x84, 0x08, 0x00, 0x00, 0x40, 0xc8, 0xff, 0xff, 0xac, 0x84, 0x01, 0x01,
    0x80, 0x03, 0x14, 0x43, 0x5b, 0x03, 0x08, 0x50, 0x02, 0x10, 0x60, 0x09, 0x01, 0x04, 0x02, 0x07,
    0x02, 0xb4, 0x00, 0x63, 0xc0, 0x08, 0x00, 0x00, 0xb4, 0xc9, 0x68, 0x00, 0x06, 0x38, 0x01, 0x05,
    0x04, 0x01, 0x00, 0xb4, 0x00, 0x6a, 0xe4, 0x08, 0x00, 0x00, 0xe0, 0xc9, 0xa8, 0x01, 0x10, 0x43,
    0x88, 0x03, 0x10, 0x65, 0xda, 0x00, 0x01, 0x88, 0x03, 0x01, 0x28, 0x00, 0x92, 0x0c, 0x09, 0x00,
    0x00, 0x88, 0xca, 0xff, 0xff, 0x20, 0x88, 0x00, 0x01, 0x0c, 0x02, 0x10, 0x42, 0x0c, 0x02, 0x01,
    0x02, 0x01, 0x02, 0x28, 0x00, 0x00, 0xdc, 0x00, 0x63, 0x34, 0x09, 0x00, 0x00, 0x80, 0xcb, 0x5c,
    0x08, 0x03, 0x28, 0x01, 0x50, 0x60, 0x00, 0x00, 0x00, 0x4c, 0x40, 0x00, 0x40, 0xcb, 0xff, 0xff,
    0x08, 0x8c, 0x02, 0x13, 0x42, 0x40, 0x00, 0x50, 0x95, 0x04, 0x96, 0x03, 0x43, 0x45, 0x00, 0x95,
    0x44, 0x98, 0x01, 0x97, 0x02, 0x5c, 0xd8, 0xd7, 0x4a, 0x13, 0x03, 0x20, 0x0e, 0x40, 0x18, 0x00,
    0x00, 0x21, 0x00, 0x40, 0x97, 0x02, 0x98, 0x01, 0x7a, 0x02, 0xce, 0x7b, 0x0e, 0x00, 0xd3, 0xd4,
    0xd5, 0xd6, 0xd7, 0xd8, 0xdd, 0xde, 0x4f, 0x1e, 0x00, 0x00, 0x7c, 0x00, 0x63, 0xb0, 0x09, 0x00,
    0x00, 0x34, 0xcd, 0xf4, 0x07, 0x16, 0x45, 0x58, 0x01, 0x6a, 0xc8, 0x09, 0x00, 0x00, 0x3c, 0xcd,
    0x4c, 0x05, 0x80, 0xdc, 0x09, 0x00, 0x00, 0x38, 0xcd, 0xff, 0xff, 0x38, 0x00, 0x00, 0x02, 0x00,
    0x00, 0x80, 0x01, 0x5b, 0xf0, 0x09, 0x00, 0x00, 0x44, 0x28, 0x00, 0x5b, 0x04, 0x0a, 0x00, 0x00,
    0x40, 0x14, 0x00, 0x22, 0x18, 0x0a, 0x50, 0x00, 0x00, 0x34, 0x00, 0x00, 0x02, 0x00, 0x00, 0x08,
    0x00, 0x2e, 0x2c, 0x0a, 0x50, 0x00, 0x22, 0x40, 0x0a, 0x50, 0x00, 0x00, 0x20, 0x00, 0x00, 0x02,
    0x00, 0x00, 0x6c, 0x00, 0x13, 0x54, 0x50, 0x00, 0x00, 0x0c, 0x00, 0x04, 0x02, 0x00, 0x00, 0x20,
    0x00, 0x13, 0x6c, 0x54, 0x00, 0x04, 0x18, 0x00, 0x00, 0x14, 0x00, 0x13, 0x80, 0x14, 0x00, 0x04,
    0x44, 0x07, 0x00, 0x14, 0x00, 0x5b, 0x94, 0x0a, 0x00, 0x00, 0x30, 0x14, 0x00, 0x5b, 0xa8, 0x0a,
    0x00, 0x00, 0x24, 0x14, 0x00, 0x5b, 0xbc, 0x0a, 0x00, 0x00, 0x18, 0x14, 0x00, 0x5b, 0xd0, 0x0a,
    0x00, 0x00, 0x0c, 0x64, 0x00, 0x13, 0xe4, 0x14, 0x00, 0x08, 0x64, 0x00, 0x5b, 0xf8, 0x0a, 0x00,
    0x00, 0x00, 0x28, 0x00, 0x10, 0x0c, 0x55, 0x02, 0x0b, 0x50, 0x00, 0x6a, 0x20, 0x0b, 0x00, 0x00,
    0xf4, 0xcc, 0x3c, 0x00, 0x5b, 0x34, 0x0b, 0x00, 0x00, 0xe8, 0x14, 0x00, 0x5b, 0x48, 0x0b, 0x00,
    0x00, 0xdc, 0x14, 0x00, 0x00, 0xe4, 0x0a, 0x2a, 0xd0, 0xcc, 0x8c, 0x00, 0x13, 0x70, 0x14, 0x00,
    0x08, 0x8c, 0x00, 0x5b, 0x84, 0x0b, 0x00, 0x00, 0xc4, 0x3c, 0x00, 0x5b, 0x98, 0x0b, 0x00, 0x00,
    0xb8, 0x14, 0x00, 0x5b, 0xac, 0x0b, 0x00, 0x00, 0xac, 0x14, 0x00, 0x5b, 0xc0, 0x0b, 0x00, 0x00,
    0xa0, 0x64, 0x00, 0x13, 0xd4, 0x14, 0x00, 0x08, 0x64, 0x00, 0x5b, 0xe8, 0x0b, 0x00, 0x00, 0x94,
    0x3c, 0x00, 0x5b, 0xfc, 0x0b, 0x00, 0x00, 0x88, 0x3c, 0x00, 0x22, 0x10, 0x0c, 0x14, 0x00, 0x04,
    0xa0, 0x0a, 0x00, 0x90, 0x01, 0x5b, 0x24, 0x0c, 0x00, 0x00, 0x8c, 0x28, 0x00, 0x1f, 0x38, 0x14,
    0x00, 0x00, 0x13, 0x4c, 0x14, 0x00, 0x08, 0x78, 0x00, 0x5b, 0x60, 0x0c, 0x00, 0x00, 0x80, 0x78,
    0x00, 0x5b, 0x74, 0x0c, 0x00, 0x00, 0x74, 0x14, 0x00, 0x57, 0x88, 0x0c, 0x00, 0x00, 0x68, 0x14,
    0x00, 0x00, 0x24, 0x02, 0x66, 0x9c, 0x0c, 0x00, 0x00, 0x5c, 0xcc, 0xd4, 0x02, 0x00, 0x02, 0x00,
    0x00, 0xa8, 0x03, 0x90, 0xb4, 0x0c, 0x00, 0x00, 0x50, 0xcc, 0xff, 0xff, 0xc8, 0x11, 0x00, 0x12,
    0x4d, 0x44, 0x09, 0x00, 0xae, 0x05, 0x00, 0x74, 0x05, 0x10, 0x49, 0x07, 0x00, 0x00, 0x64, 0x0c,
    0x93, 0x00, 0x00, 0x00, 0xdc, 0x0c, 0x00, 0x00, 0xf8, 0xcc, 0x08, 0x08, 0x12, 0x4b, 0x2c, 0x03,
    0x13, 0x44, 0x7c, 0x05, 0x13, 0x41, 0x28, 0x00, 0x00, 0x68, 0x00, 0x22, 0x04, 0x0d, 0x00, 0x03,
    0x04, 0x2c, 0x0c, 0x00, 0x02, 0x00, 0x10, 0x74, 0xd0, 0x09, 0x70, 0x0d, 0x00, 0x00, 0x48, 0xcd,
    0xff, 0xff, 0xa0, 0x0b, 0x22, 0x00, 0x42, 0x98, 0x04, 0x10, 0x44, 0x98, 0x04, 0x10, 0x55, 0x13,
    0x08, 0x60, 0x47, 0x96, 0x05, 0x95, 0x06, 0x44, 0x18, 0x08, 0x32, 0x5e, 0xd6, 0xd5, 0x14, 0x0b,
    0x03, 0x86, 0x08, 0x07, 0x19, 0x08, 0x00, 0x48, 0x07, 0x40, 0x99, 0x02, 0x9a, 0x01, 0x21, 0x08,
    0x24, 0x41, 0x0a, 0x28, 0x00, 0x12, 0x42, 0x88, 0x07, 0x52, 0x41, 0x0b, 0x4b, 0xd6, 0xd5, 0xd0,
    0x0a, 0x10, 0x41, 0xf9, 0x03, 0x22, 0xdd, 0xde, 0xd4, 0x06, 0x90, 0x94, 0x0d, 0x00, 0x00, 0x60,
    0xce, 0xff, 0xff, 0x84, 0x89, 0x00, 0x06, 0xd4, 0x04, 0x73, 0x94, 0x03, 0x49, 0x95, 0x02, 0x52,
    0xd5, 0x3d, 0x00, 0x03, 0xe4, 0x00, 0x9c, 0xc0, 0x0d, 0x00, 0x00, 0xc4, 0xce, 0xff, 0xff, 0xa8,
    0x2c, 0x00, 0x01, 0x86, 0x06, 0x02, 0xb4, 0x04, 0x00, 0x60, 0x06, 0x80, 0xe8, 0x0d, 0x00, 0x00,
    0x4c, 0xcf, 0xff, 0xff, 0xa8, 0x04, 0x04, 0xb4, 0x07, 0x01, 0x60, 0x06, 0x15, 0x4e, 0x04, 0x05,
    0x12, 0x45, 0x96, 0x00, 0x00, 0x49, 0x00, 0x02, 0x5c, 0x08, 0x92, 0x1c, 0x0e, 0x00, 0x00, 0x78,
    0xcf, 0xff, 0xff, 0x14, 0x18, 0x0c, 0xc5, 0x80, 0x01, 0x9d, 0x10, 0x9e, 0x0f, 0x44, 0x93, 0x0e,
    0x94, 0x0d, 0x70, 0x35, 0x00, 0x10, 0x02, 0xcd, 0x06, 0x03, 0x64, 0x07, 0x04, 0x38, 0x00, 0x90,
    0x54, 0x0e, 0x00, 0x00, 0x60, 0xd2, 0xff, 0xff, 0xfc, 0x48, 0x05, 0x12, 0x47, 0xa0, 0x01, 0x13,
    0x75, 0x78, 0x01, 0x00, 0x8d, 0x08, 0x00, 0xfa, 0x00, 0x53, 0x46, 0x0e, 0x00, 0xdd, 0xde, 0x3c,
    0x05, 0x00, 0x38, 0x00, 0x00, 0x7c, 0x01, 0x65, 0x8c, 0x0e, 0x00, 0x00, 0x28, 0xd4, 0x3c, 0x0b,
    0x01, 0x74, 0x0e, 0x04, 0xd0, 0x01, 0x00, 0xa8, 0x01, 0x80, 0xac, 0x0e, 0x00, 0x00, 0x38, 0xd4,
    0xff, 0xff, 0x34, 0x0d, 0x22, 0x00, 0x4a, 0xd0, 0x01, 0x00, 0xf0, 0x09, 0x10, 0xc4, 0x70, 0x00,
    0x40, 0xd4, 0xff, 0xff, 0x98, 0x49, 0x00, 0x03, 0x54, 0x00, 0x10, 0x45, 0xe0, 0x05, 0x01, 0x7a,
    0x0e, 0x01, 0x04, 0x01, 0x00, 0xe7, 0x06, 0x01, 0xdc, 0x00, 0x00, 0x30, 0x00, 0x90, 0xf4, 0x0e,
    0x00, 0x00, 0xd0, 0xd4, 0xff, 0xff, 0xe8, 0x30, 0x00, 0x12, 0x4b, 0xd8, 0x01, 0x31, 0x43, 0x93,
    0x08, 0x0a, 0x01, 0x00, 0x9c, 0x00, 0x40, 0x5b, 0x0e, 0x00, 0xd3, 0x8c, 0x01, 0x00, 0x02, 0x00,
    0x00, 0x30, 0x00, 0x80, 0x24, 0x0f, 0x00, 0x00, 0x90, 0xd5, 0xff, 0xff, 0x58, 0x0b, 0x04, 0x3c,
    0x01, 0x35, 0x44, 0x93, 0x04, 0x30, 0x00, 0x13, 0x46, 0x44, 0x07, 0x00, 0x02, 0x00, 0x00, 0xa8,
    0x00, 0x90, 0x54, 0x0f, 0x00, 0x00, 0xe0, 0xd5, 0xff, 0xff, 0x2c, 0x08, 0x06, 0x03, 0x02, 0x00,
    0x00, 0x18, 0x00, 0x90, 0x6c, 0x0f, 0x00, 0x00, 0x08, 0xd8, 0xff, 0xff, 0x04, 0x18, 0x01, 0x03,
    0x02, 0x00, 0x00, 0x60, 0x03, 0x93, 0x84, 0x0f, 0x00, 0x00, 0x10, 0xd9, 0xff, 0xff, 0xa4, 0x18,
    0x00, 0x00, 0x8c, 0x07, 0x80, 0x98, 0x0f, 0x00, 0x00, 0xbc, 0xda, 0xff, 0xff, 0x34, 0x0f, 0x04,
    0x74, 0x00, 0x01, 0xb0, 0x01, 0x12, 0x4c, 0x6f, 0x01, 0x00, 0x50, 0x00, 0x80, 0xbc, 0x0f, 0x00,
    0x00, 0xf8, 0xda, 0xff, 0xff, 0x98, 0x0e, 0x04, 0x02, 0x00, 0x00, 0x18, 0x00, 0x93, 0xd4, 0x0f,
    0x00, 0x00, 0x20, 0xdc, 0xff, 0xff, 0x30, 0x50, 0x00, 0x00, 0x02, 0x00, 0x00, 0x18, 0x00, 0x97,
    0xec, 0x0f, 0x00, 0x00, 0x48, 0xdd, 0xff, 0xff, 0xb4, 0x18, 0x00, 0x00, 0x50, 0x03, 0x63, 0x04,
    0x10, 0x00, 0x00, 0xf0, 0xde, 0x94, 0x0c, 0x08, 0x70, 0x02, 0x43, 0x43, 0x95, 0x02, 0x62, 0x71,
    0x08, 0x00, 0x40, 0x00, 0x63, 0x2c, 0x10, 0x00, 0x00, 0x88, 0xdf, 0x10, 0x0d, 0x03, 0x02, 0x00,
    0x00, 0x18, 0x00, 0x97, 0x44, 0x10, 0x00, 0x00, 0x30, 0xe0, 0xff, 0xff, 0x34, 0x58, 0x00, 0x00,
    0xd8, 0x00, 0x63, 0x5c, 0x10, 0x00, 0x00, 0x58, 0xe1, 0xac, 0x06, 0x03, 0x02, 0x00, 0x00, 0xa4,
    0x0c, 0x00, 0x34, 0x00, 0x00, 0x53, 0x02, 0xf0, 0x09, 0x47, 0x4e, 0x55, 0x00, 0xca, 0x4c, 0x62,
    0x98, 0x17, 0x59, 0x01, 0x6d, 0x8d, 0xb4, 0xde, 0x0a, 0xca, 0x6d, 0xd8, 0x61, 0x83, 0xe7, 0x11,
    0xb7, 0x31, 0x20, 0x04, 0x00, 0x01, 0x00, 0x21, 0xc0, 0x03, 0x07, 0x00, 0x22, 0x00, 0x0c, 0x07,
    0x00, 0x32, 0x00, 0x20, 0x54, 0x09, 0x00, 0x12, 0x0d, 0x07, 0x00, 0x23, 0x00, 0x58, 0x10, 0x00,
    0x13, 0x19, 0x10, 0x00, 0x22, 0x00, 0x80, 0x09, 0x00, 0x12, 0x1b, 0x07, 0x00, 0x23, 0x00, 0x08,
    0x08, 0x00, 0x13, 0x1a, 0x08, 0x00, 0x13, 0x08, 0x20, 0x00, 0x14, 0x1c, 0x10, 0x00, 0x03, 0x08,
    0x00, 0x03, 0x6f, 0x00, 0x32, 0x00, 0x38, 0x60, 0x11, 0x00, 0x12, 0x05, 0x07, 0x00, 0x23, 0x00,
    0x98, 0x10, 0x00, 0x13, 0x06, 0x10, 0x00, 0x13, 0x50, 0x10, 0x00, 0x13, 0x0a, 0x10, 0x00, 0x13,
    0x01, 0x08, 0x00, 0x13, 0x0b, 0x08, 0x00, 0x13, 0x18, 0x08, 0x00, 0x13, 0x15, 0x08, 0x00, 0x04,
    0x02, 0x00, 0x14, 0x07, 0x09, 0x00, 0x03, 0x02, 0x00, 0x04, 0x98, 0x00, 0x04, 0x02, 0x00, 0x13,
    0x09, 0x09, 0x00, 0x04, 0x40, 0x00, 0x04, 0x08, 0x00, 0x04, 0x02, 0x00, 0x40, 0xfb, 0xff, 0xff,
    0x6f, 0x0c, 0x00, 0x13, 0x01, 0x3b, 0x00, 0x10, 0x24, 0x0d, 0x00, 0x43, 0x00, 0x00, 0x00, 0x10,
    0x90, 0x00, 0x11, 0x23, 0x0e, 0x00, 0x30, 0x00, 0x00, 0x28, 0x05, 0x00, 0x41, 0x00, 0x00, 0x00,
    0x25, 0x06, 0x00, 0x03, 0x2d, 0x00, 0x0f, 0x02, 0x00, 0x00, 0x13, 0x10, 0x08, 0x01, 0x22, 0x00,
    0xc0, 0x1d, 0x00, 0x22, 0x38, 0x91, 0x08, 0x00, 0x22, 0xd8, 0xb7, 0x08, 0x00, 0x22, 0x40, 0x62,
    0x08, 0x00, 0x22, 0x30, 0x45, 0x08, 0x00, 0x13, 0xe0, 0x18, 0x00, 0x13, 0xf0, 0x08, 0x00, 0x22,
    0x88, 0x93, 0x18, 0x00, 0x22, 0x28, 0xba, 0x08, 0x00, 0x04, 0x02, 0x00, 0x22, 0x3c, 0x3a, 0x0a,
    0x00, 0x1b, 0xe8, 0x28, 0x00, 0x22, 0x20, 0x11, 0x18, 0x00, 0x13, 0xc8, 0x38, 0x00, 0x04, 0x88,
    0x01, 0x13, 0x30, 0x40, 0x00, 0x13, 0x18, 0x08, 0x00, 0x13, 0x40, 0x88, 0x00, 0x13, 0x20, 0x10,
    0x00, 0x04, 0xd0, 0x01, 0x22, 0x38, 0x61, 0x40, 0x00, 0x04, 0x10, 0x00, 0x05, 0x08, 0x00, 0x0f,
    0x02, 0x00, 0xff, 0xff, 0xff, 0xff, 0xff, 0xff, 0xff, 0xff, 0xff, 0xff, 0xff, 0xff, 0xff, 0xd1,
    0x1f, 0x01, 0xd8, 0x0d, 0x04, 0x04, 0x78, 0x0f, 0x0c, 0x02, 0x00, 0x04, 0x60, 0x0f, 0x04, 0xc8,
    0x0f, 0x04, 0x40, 0x00, 0x00, 0x3f, 0x10, 0x04, 0x0c, 0x00, 0x08, 0x02, 0x00, 0x04, 0xe0, 0x0f,
    0x0c, 0x02, 0x00, 0x1c, 0x02, 0x11, 0x00, 0x03, 0x02, 0x00, 0x04, 0xe0, 0x0f, 0x0c, 0x02, 0x00,
    0x13, 0x06, 0x11, 0x00, 0x1b, 0xff, 0x01, 0x00, 0x03, 0xef, 0x0e, 0x14, 0x00, 0x17, 0x00, 0x03,
    0x27, 0x00, 0x24, 0x00, 0x0e, 0x09, 0x00, 0x0b, 0x02, 0x00, 0x13, 0x0f, 0x10, 0x00, 0x23, 0xe0,
    0x94, 0x09, 0x00, 0x03, 0x02, 0x00, 0x13, 0x10, 0x08, 0x00, 0x0f, 0x02, 0x00, 0x05, 0x13, 0xf0,
    0x00, 0x10, 0x04, 0x58, 0x00, 0x04, 0xec, 0x00, 0x13, 0x48, 0x48, 0x0f, 0x04, 0x02, 0x00, 0x04,
    0xb8, 0x0f, 0x22, 0xa8, 0xb8, 0x12, 0x00, 0x22, 0x60, 0xb9, 0x08, 0x00, 0x0f, 0x02, 0x00, 0x9d,
    0x04, 0xe0, 0x00, 0xbf, 0x0e, 0x33, 0xcd, 0xab, 0x34, 0x12, 0x6d, 0xe6, 0xec, 0xde, 0x05, 0x9c,
    0x01, 0x06, 0x0f, 0x02, 0x00, 0xff, 0x2d, 0x50, 0x00, 0x00, 0x00, 0x00, 0x00,
};
extern const unsigned int kHblMain_size = 20381;

alignas(4) extern const unsigned char kHblNpdm[] = {
    0x4d, 0x45, 0x54, 0x41, 0x00, 0x00, 0x00, 0x00, 0x00, 0x00, 0x00, 0x00, 0x03, 0x00, 0x2c, 0x00,
    0x00, 0x00, 0x00, 0x00, 0x00, 0x00, 0x00, 0x00, 0x00, 0x00, 0x00, 0x00, 0x00, 0x00, 0x10, 0x00,
    0x41, 0x70, 0x70, 0x6c, 0x69, 0x63, 0x61, 0x74, 0x69, 0x6f, 0x6e, 0x00, 0x00, 0x00, 0x00, 0x00,
    0x00, 0x00, 0x00, 0x00, 0x00, 0x00, 0x00, 0x00, 0x00, 0x00, 0x00, 0x00, 0x00, 0x00, 0x00, 0x00,
    0x00, 0x00, 0x00, 0x00, 0x00, 0x00, 0x00, 0x00, 0x00, 0x00, 0x00, 0x00, 0x00, 0x00, 0x00, 0x00,
    0x00, 0x00, 0x00, 0x00, 0x00, 0x00, 0x00, 0x00, 0x00, 0x00, 0x00, 0x00, 0x00, 0x00, 0x00, 0x00,
    0x00, 0x00, 0x00, 0x00, 0x00, 0x00, 0x00, 0x00, 0x00, 0x00, 0x00, 0x00, 0x00, 0x00, 0x00, 0x00,
    0x40, 0x03, 0x00, 0x00, 0xb8, 0x00, 0x00, 0x00, 0x80, 0x00, 0x00, 0x00, 0xb8, 0x02, 0x00, 0x00,
    0x00, 0x00, 0x00, 0x00, 0x00, 0x00, 0x00, 0x00, 0x00, 0x00, 0x00, 0x00, 0x00, 0x00, 0x00, 0x00,
    0x00, 0x00, 0x00, 0x00, 0x00, 0x00, 0x00, 0x00, 0x00, 0x00, 0x00, 0x00, 0x00, 0x00, 0x00, 0x00,
    0x00, 0x00, 0x00, 0x00, 0x00, 0x00, 0x00, 0x00, 0x00, 0x00, 0x00, 0x00, 0x00, 0x00, 0x00, 0x00,
    0x00, 0x00, 0x00, 0x00, 0x00, 0x00, 0x00, 0x00, 0x00, 0x00, 0x00, 0x00, 0x00, 0x00, 0x00, 0x00,
    0x00, 0x00, 0x00, 0x00, 0x00, 0x00, 0x00, 0x00, 0x00, 0x00, 0x00, 0x00, 0x00, 0x00, 0x00, 0x00,
    0x00, 0x00, 0x00, 0x00, 0x00, 0x00, 0x00, 0x00, 0x00, 0x00, 0x00, 0x00, 0x00, 0x00, 0x00, 0x00,
    0x00, 0x00, 0x00, 0x00, 0x00, 0x00, 0x00, 0x00, 0x00, 0x00, 0x00, 0x00, 0x00, 0x00, 0x00, 0x00,
    0x00, 0x00, 0x00, 0x00, 0x00, 0x00, 0x00, 0x00, 0x00, 0x00, 0x00, 0x00, 0x00, 0x00, 0x00, 0x00,
    0x00, 0x00, 0x00, 0x00, 0x00, 0x00, 0x00, 0x00, 0x00, 0x00, 0x00, 0x00, 0x00, 0x00, 0x00, 0x00,
    0x00, 0x00, 0x00, 0x00, 0x00, 0x00, 0x00, 0x00, 0x00, 0x00, 0x00, 0x00, 0x00, 0x00, 0x00, 0x00,
    0x00, 0x00, 0x00, 0x00, 0x00, 0x00, 0x00, 0x00, 0x00, 0x00, 0x00, 0x00, 0x00, 0x00, 0x00, 0x00,
    0x00, 0x00, 0x00, 0x00, 0x00, 0x00, 0x00, 0x00, 0x00, 0x00, 0x00, 0x00, 0x00, 0x00, 0x00, 0x00,
    0x00, 0x00, 0x00, 0x00, 0x00, 0x00, 0x00, 0x00, 0x00, 0x00, 0x00, 0x00, 0x00, 0x00, 0x00, 0x00,
    0x00, 0x00, 0x00, 0x00, 0x00, 0x00, 0x00, 0x00, 0x00, 0x00, 0x00, 0x00, 0x00, 0x00, 0x00, 0x00,
    0x00, 0x00, 0x00, 0x00, 0x00, 0x00, 0x00, 0x00, 0x00, 0x00, 0x00, 0x00, 0x00, 0x00, 0x00, 0x00,
    0x00, 0x00, 0x00, 0x00, 0x00, 0x00, 0x00, 0x00, 0x00, 0x00, 0x00, 0x00, 0x00, 0x00, 0x00, 0x00,
    0x00, 0x00, 0x00, 0x00, 0x00, 0x00, 0x00, 0x00, 0x00, 0x00, 0x00, 0x00, 0x00, 0x00, 0x00, 0x00,
    0x00, 0x00, 0x00, 0x00, 0x00, 0x00, 0x00, 0x00, 0x00, 0x00, 0x00, 0x00, 0x00, 0x00, 0x00, 0x00,
    0x00, 0x00, 0x00, 0x00, 0x00, 0x00, 0x00, 0x00, 0x00, 0x00, 0x00, 0x00, 0x00, 0x00, 0x00, 0x00,
    0x00, 0x00, 0x00, 0x00, 0x00, 0x00, 0x00, 0x00, 0x00, 0x00, 0x00, 0x00, 0x00, 0x00, 0x00, 0x00,
    0x00, 0x00, 0x00, 0x00, 0x00, 0x00, 0x00, 0x00, 0x00, 0x00, 0x00, 0x00, 0x00, 0x00, 0x00, 0x00,
    0x00, 0x00, 0x00, 0x00, 0x00, 0x00, 0x00, 0x00, 0x00, 0x00, 0x00, 0x00, 0x00, 0x00, 0x00, 0x00,
    0x00, 0x00, 0x00, 0x00, 0x00, 0x00, 0x00, 0x00, 0x00, 0x00, 0x00, 0x00, 0x00, 0x00, 0x00, 0x00,
    0x00, 0x00, 0x00, 0x00, 0x00, 0x00, 0x00, 0x00, 0x00, 0x00, 0x00, 0x00, 0x00, 0x00, 0x00, 0x00,
    0x00, 0x00, 0x00, 0x00, 0x00, 0x00, 0x00, 0x00, 0x00, 0x00, 0x00, 0x00, 0x00, 0x00, 0x00, 0x00,
    0x00, 0x00, 0x00, 0x00, 0x00, 0x00, 0x00, 0x00, 0x00, 0x00, 0x00, 0x00, 0x00, 0x00, 0x00, 0x00,
    0x00, 0x00, 0x00, 0x00, 0x00, 0x00, 0x00, 0x00, 0x00, 0x00, 0x00, 0x00, 0x00, 0x00, 0x00, 0x00,
    0x00, 0x00, 0x00, 0x00, 0x00, 0x00, 0x00, 0x00, 0x00, 0x00, 0x00, 0x00, 0x00, 0x00, 0x00, 0x00,
    0x00, 0x00, 0x00, 0x00, 0x00, 0x00, 0x00, 0x00, 0x00, 0x00, 0x00, 0x00, 0x00, 0x00, 0x00, 0x00,
    0x00, 0x00, 0x00, 0x00, 0x00, 0x00, 0x00, 0x00, 0x00, 0x00, 0x00, 0x00, 0x00, 0x00, 0x00, 0x00,
    0x00, 0x00, 0x00, 0x00, 0x00, 0x00, 0x00, 0x00, 0x00, 0x00, 0x00, 0x00, 0x00, 0x00, 0x00, 0x00,
    0x00, 0x00, 0x00, 0x00, 0x00, 0x00, 0x00, 0x00, 0x00, 0x00, 0x00, 0x00, 0x00, 0x00, 0x00, 0x00,
    0x41, 0x43, 0x49, 0x44, 0xb8, 0x01, 0x00, 0x00, 0x00, 0x00, 0x00, 0x00, 0x01, 0x00, 0x00, 0x00,
    0x00, 0x00, 0x00, 0x00, 0x00, 0x00, 0x00, 0x00, 0x00, 0x00, 0x00, 0x00, 0x00, 0x00, 0x00, 0x00,
    0x40, 0x02, 0x00, 0x00, 0x2c, 0x00, 0x00, 0x00, 0x70, 0x02, 0x00, 0x00, 0x04, 0x00, 0x00, 0x00,
    0x80, 0x02, 0x00, 0x00, 0x38, 0x00, 0x00, 0x00, 0x00, 0x00, 0x00, 0x00, 0x00, 0x00, 0x00, 0x00,
    0x01, 0x00, 0x00, 0x00, 0xff, 0xff, 0xff, 0xff, 0xff, 0xff, 0xff, 0xff, 0x00, 0x00, 0x00, 0x00,
    0x00, 0x00, 0x00, 0x00, 0x00, 0x00, 0x00, 0x00, 0x00, 0x00, 0x00, 0x00, 0x00, 0x00, 0x00, 0x00,
    0x00, 0x00, 0x00, 0x00, 0x00, 0x00, 0x00, 0x00, 0x00, 0x00, 0x00, 0x00, 0x00, 0x00, 0x00, 0x00,
    0x80, 0x2a, 0x00, 0x2a, 0x00, 0x00, 0x00, 0x00, 0x00, 0x00, 0x00, 0x00, 0x00, 0x00, 0x00, 0x00,
    0xb7, 0x73, 0x00, 0x03, 0xef, 0xff, 0xff, 0x1f, 0xef, 0xff, 0xff, 0x3f, 0xef, 0xff, 0xff, 0x5f,
    0xef, 0xff, 0xff, 0x7f, 0xef, 0xff, 0xff, 0x9f, 0xef, 0xff, 0xff, 0xbf, 0xef, 0xff, 0xff, 0xdf,
    0xef, 0xff, 0xff, 0xff, 0xff, 0x5f, 0x00, 0x00, 0xff, 0x3f, 0x18, 0x00, 0xff, 0x7f, 0x00, 0x02,
    0xff, 0xff, 0x04, 0x00, 0xff, 0x0b, 0x02, 0x00, 0x00, 0x00, 0x00, 0x00, 0x00, 0x00, 0x00, 0x00,
    0x41, 0x43, 0x49, 0x30, 0x00, 0x00, 0x00, 0x00, 0x00, 0x00, 0x00, 0x00, 0x00, 0x00, 0x00, 0x00,
    0x00, 0x00, 0x00, 0x00, 0x00, 0x00, 0x00, 0x00, 0x00, 0x00, 0x00, 0x00, 0x00, 0x00, 0x00, 0x00,
    0x40, 0x00, 0x00, 0x00, 0x28, 0x00, 0x00, 0x00, 0x70, 0x00, 0x00, 0x00, 0x04, 0x00, 0x00, 0x00,
    0x80, 0x00, 0x00, 0x00, 0x38, 0x00, 0x00, 0x00, 0x00, 0x00, 0x00, 0x00, 0x00, 0x00, 0x00, 0x00,
    0x01, 0x00, 0x00, 0x00, 0xff, 0xff, 0xff, 0xff, 0xff, 0xff, 0xff, 0xff, 0x1c, 0x00, 0x00, 0x00,
    0x0c, 0x00, 0x00, 0x00, 0x28, 0x00, 0x00, 0x00, 0x00, 0x00, 0x00, 0x00, 0x01, 0x00, 0x00, 0x00,
    0x00, 0x10, 0x00, 0x00, 0x00, 0x00, 0x00, 0x01, 0x00, 0x00, 0x00, 0x00, 0x00, 0x00, 0x00, 0x00,
    0x80, 0x2a, 0x00, 0x2a, 0x00, 0x00, 0x00, 0x00, 0x00, 0x00, 0x00, 0x00, 0x00, 0x00, 0x00, 0x00,
    0xb7, 0x73, 0x00, 0x03, 0xef, 0xff, 0xff, 0x1f, 0xef, 0xff, 0xff, 0x3f, 0xef, 0xff, 0xff, 0x5f,
    0xef, 0xff, 0xff, 0x7f, 0xef, 0xff, 0xff, 0x9f, 0xef, 0xff, 0xff, 0xbf, 0xef, 0xff, 0xff, 0xdf,
    0xef, 0xff, 0xff, 0xff, 0xff, 0x5f, 0x00, 0x00, 0xff, 0x3f, 0x18, 0x00, 0xff, 0x7f, 0x00, 0x02,
    0xff, 0xff, 0x04, 0x00, 0xff, 0x0b, 0x02, 0x00,
};
extern const unsigned int kHblNpdm_size = 1016;

} // namespace sf::forwarder
